o,d,km,tau_min,tau_max,tau_bar,ratio,profiles
6,2,1.6576201915740967,3.3583333492279053,14.600000381469727,10.666666984558105,4.3473944664001465,44
19,12,1.609339952468872,2.7083334922790527,10.833333015441895,5.349999904632568,3.999999761581421,46
15,4,2.7358779907226562,4.183333396911621,16.350000381469727,11.416666984558105,3.9083666801452637,42
8,7,1.6898070573806763,2.5166666507720947,9.75,6.933333396911621,3.8741722106933594,47
10,2,2.7358779907226562,4.633333206176758,17.549999237060547,11.883333206176758,3.7877697944641113,45
19,9,3.057745933532715,4.758333206176758,17.65833282470703,9.316666603088379,3.711033344268799,41
5,6,2.88071870803833,4.9666666984558105,18.383333206176758,12.433333396911621,3.7013423442840576,46
3,5,2.542757272720337,4.4166669845581055,16.299999237060547,11.350000381469727,3.690565586090088,48
14,4,1.770274043083191,3.133333206176758,11.466666221618652,6.349999904632568,3.659574508666992,48
10,6,3.8624160289764404,6.2833333015441895,22.933334350585938,15.416666984558105,3.649867534637451,41
6,1,2.4140100479125977,4.4166669845581055,16.049999237060547,11.583333015441895,3.6339619159698486,46
14,23,2.7358779907226562,4.633333206176758,16.741666793823242,8.483333587646484,3.613309383392334,44
22,2,3.3796141147613525,6.650000095367432,23.950000762939453,18.200000762939453,3.601503849029541,34
3,2,1.4484059810638428,3.5333333015441895,12.725000381469727,9.083333015441895,3.6014151573181152,48
12,4,1.9312080144882202,4.916666507720947,17.266666412353516,10.649999618530273,3.511864423751831,48
5,4,1.4484059810638428,3.2333333492279053,11.341667175292969,6.800000190734863,3.5077321529388428,48
22,0,2.4140100479125977,4.4083333015441895,15.449999809265137,12.083333015441895,3.504725933074951,38
24,2,5.294728755950928,7.550000190734863,26.424999237060547,19.299999237060547,3.499999761581421,39
13,4,2.5266637802124023,4.483333110809326,15.649999618530273,8.683333396911621,3.490706443786621,48
12,0,1.351845622062683,2.816666603088379,9.783333778381348,6.316666603088379,3.4733729362487793,48
33,2,2.092142105102539,5.650000095367432,19.5,10.966666221618652,3.451327323913574,38
18,2,4.586618900299072,8.024999618530273,27.424999237060547,20.933332443237305,3.417445659637451,32
0,2,1.2874720096588135,3.7249999046325684,12.675000190734863,9.050000190734863,3.4026846885681152,48
19,2,2.1082353591918945,5.5,18.691665649414062,12.366666793823242,3.398484706878662,45
5,2,1.6576201915740967,3.4833333492279053,11.75,8.350000381469727,3.3732056617736816,48
22,6,1.770274043083191,3.4666666984558105,11.641666412353516,9.183333396911621,3.35817289352417,39
0,3,1.770274043083191,4.599999904632568,15.383333206176758,10.283333778381348,3.344202995300293,48
7,0,1.544966459274292,3.200000047683716,10.666666984558105,7.150000095367432,3.3333334922790527,48
5,0,2.4140100479125977,5.066666603088379,16.883333206176758,11.350000381469727,3.3322367668151855,48
12,7,2.4140100479125977,4.025000095367432,13.366666793823242,9.050000190734863,3.320910930633545,44
10,4,2.7358779907226562,5.066666603088379,16.75,11.399999618530273,3.3059210777282715,48
6,4,2.4944770336151123,5.483333587646484,17.96666717529297,13.683333396911621,3.2765955924987793,48
6,5,3.025559186935425,5.900000095367432,19.299999237060547,14.616666793823242,3.271186351776123,44
15,0,3.057745933532715,5.733333110809326,18.700000762939453,13.283333778381348,3.2616281509399414,40
19,4,3.057745933532715,7.416666507720947,24.183334350585938,14.666666984558105,3.260674476623535,47
3,4,1.6415268182754517,3.7833333015441895,12.324999809265137,8.75,3.257709264755249,48
13,6,4.634899139404297,8.899999618530273,28.916667938232422,16.366666793823242,3.2490639686584473,44
3,14,3.3474271297454834,5.483333587646484,17.741666793823242,12.449999809265137,3.2355620861053467,46
3,1,2.8324384689331055,5.983333110809326,19.33333396911621,13.300000190734863,3.2311980724334717,48
18,0,3.701482057571411,6.324999809265137,20.40833282470703,15.600000381469727,3.226613998413086,36
3,10,4.11991024017334,7.175000190734863,23.116666793823242,16.200000762939453,3.221834897994995,46
24,6,6.372986316680908,9.766666412353516,31.433332443237305,21.75,3.2184300422668457,33
23,5,2.7358779907226562,4.9666666984558105,15.866666793823242,9.633333206176758,3.1946308612823486,48
3,0,1.770274043083191,4.474999904632568,14.291666984558105,9.449999809265137,3.1936686038970947,48
33,3,2.574944019317627,5.199999809265137,16.58333396911621,9.716666221618652,3.1891028881073,41
13,2,3.2830536365509033,6.400000095367432,20.358333587646484,12.483333587646484,3.1809895038604736,46
24,4,4.988954067230225,8.050000190734863,25.5,17.049999237060547,3.1677017211914062,41
19,1,2.5266637802124023,5.400000095367432,17.100000381469727,11.133333206176758,3.1666667461395264,44
21,5,2.639317512512207,4.0333333015441895,12.716666221618652,8.933333396911621,3.152892589569092,45
7,9,3.8624160289764404,6.7166666984558105,21.16666603088379,13.133333206176758,3.15136456489563,44
14,6,4.329124450683594,8.141666412353516,25.600000381469727,16.233333587646484,3.144319534301758,44
4,23,1.609339952468872,3.4666666984558105,10.883333206176758,6.7166666984558105,3.13942289352417,47
14,1,2.2530760765075684,4.525000095367432,14.199999809265137,9.616666793823242,3.1381213665008545,46
9,12,1.6415268182754517,2.4749999046325684,7.75,5.983333110809326,3.1313133239746094,48
22,4,4.377404689788818,8.483333587646484,26.5,20.75,3.123771905899048,31
0,23,2.2530760765075684,5.833333492279053,18.200000762939453,12.949999809265137,3.120000123977661,44
14,3,3.3796141147613525,6.333333492279053,19.75,11.449999809265137,3.1184210777282715,47
33,23,1.770274043083191,3.5416665077209473,11.016666412353516,6.316666603088379,3.110588312149048,39
12,2,1.6415268182754517,5.083333492279053,15.783333778381348,10.266666412353516,3.1049180030822754,47
23,2,1.561059832572937,3.933333396911621,12.183333396911621,8.608333587646484,3.0974576473236084,46
8,2,4.345218181610107,8.449999809265137,26.16666603088379,18.950000762939453,3.096647024154663,43
31,5,4.329124450683594,8.475000381469727,26.200000762939453,18.08333396911621,3.0914454460144043,26
24,3,6.437359809875488,9.966666221618652,30.75,21.016666412353516,3.085284471511841,38
2,3,1.4484059810638428,2.816666603088379,8.683333396911621,6.449999809265137,3.0828404426574707,48
1,0,1.609339952468872,3.191666603088379,9.800000190734863,7.050000190734863,3.0704963207244873,48
18,7,2.4140100479125977,4.266666889190674,13.100000381469727,9.916666984558105,3.0703125,38
18,5,6.11549186706543,10.75,32.91666793823242,24.399999618530273,3.0620155334472656,31
6,3,1.2230983972549438,2.9833333492279053,9.133333206176758,6.7833333015441895,3.0614523887634277,47
10,3,4.023349761962891,7.933333396911621,24.25,15.899999618530273,3.056722640991211,45
3,13,4.087723731994629,7.258333206176758,22.166667938232422,15.483333587646484,3.0539612770080566,42
5,3,2.6232242584228516,5.633333206176758,17.200000762939453,11.425000190734863,3.0532546043395996,48
22,7,1.2874720096588135,2.566666603088379,7.833333492279053,6.266666889190674,3.051948070526123,38
11,6,5.278635025024414,8.649999618530273,26.33333396911621,20.03333282470703,3.044316291809082,42
19,3,2.0760486125946045,5.625,17.066667556762695,11.483333587646484,3.034074306488037,46
33,4,1.2874720096588135,3.433333396911621,10.416666984558105,5.9583330154418945,3.03398060798645,45
19,23,2.9289987087249756,9.091667175292969,27.58333396911621,15.699999809265137,3.0339138507843018,32
15,5,3.975069761276245,7.583333492279053,23.0,15.899999618530273,3.0329668521881104,39
21,6,5.326915264129639,9.533332824707031,28.891666412353516,19.91666603088379,3.03059458732605,37
17,0,4.329124450683594,7.650000095367432,23.166667938232422,16.566667556762695,3.028322458267212,38
1,2,1.561059832572937,3.758333206176758,11.366666793823242,8.233333587646484,3.024390459060669,48
5,23,2.8968119621276855,5.949999809265137,17.91666603088379,11.033333778381348,3.011204481124878,44
18,4,5.793623924255371,10.5,31.549999237060547,22.183332443237305,3.0047619342803955,32
21,2,4.152097225189209,7.483333110809326,22.483333587646484,16.024999618530273,3.0044543743133545,41
23,1,3.057745933532715,6.150000095367432,18.433332443237305,12.850000381469727,2.9972898960113525,44
4,2,1.2874720096588135,3.6666667461395264,10.983333587646484,7.5,2.9954545497894287,48
1,6,2.4140100479125977,4.7083330154418945,14.050000190734863,10.816666603088379,2.9840710163116455,48
8,4,5.326915264129639,10.0,29.816665649414062,20.233333587646484,2.9816665649414062,44
13,3,4.184284210205078,7.816666603088379,23.21666717529297,13.666666984558105,2.970149278640747,47
13,1,2.574944019317627,5.399999618530273,16.024999618530273,10.366666793823242,2.967592716217041,45
19,5,3.427894115447998,7.666666507720947,22.708332061767578,15.391666412353516,2.96195650100708,42
23,4,1.609339952468872,3.4166667461395264,10.116666793823242,6.683333396911621,2.9609756469726562,48
0,9,2.574944019317627,3.9000000953674316,11.533333778381348,9.25,2.9572649002075195,44
10,0,3.218679904937744,6.358333587646484,18.799999237060547,12.800000190734863,2.956749439239502,44
12,6,2.4622902870178223,5.566666603088379,16.424999237060547,11.633333206176758,2.95059871673584,40
4,3,1.6737135648727417,3.4666666984558105,10.199999809265137,7.083333492279053,2.942307710647583,48
8,20,1.4162192344665527,2.691666603088379,7.916666507720947,5.433333396911621,2.941176414489746,47
4,21,3.9911632537841797,6.016666889190674,17.674999237060547,14.083333015441895,2.9376728534698486,40
8,19,2.574944019317627,4.5333333015441895,13.300000190734863,9.149999618530273,2.933823585510254,43
4,5,1.609339952468872,3.4833333492279053,10.216666221618652,6.2166666984558105,2.933014154434204,48
10,7,4.828020095825195,8.866666793823242,26.0,18.691665649414062,2.932330846786499,38
4,1,1.7219938039779663,4.383333206176758,12.850000381469727,8.733333587646484,2.9315590858459473,48
24,5,3.814135789871216,6.066666603088379,17.775001525878906,12.483333587646484,2.929945230484009,44
12,3,3.0416526794433594,7.733333110809326,22.641666412353516,14.883333206176758,2.9278018474578857,44
8,0,3.122119665145874,5.75,16.808334350585938,12.0,2.9231886863708496,47
13,0,4.200377464294434,8.633333206176758,25.225000381469727,15.716666221618652,2.9218146800994873,46
19,6,1.4162192344665527,3.7166666984558105,10.833333015441895,8.083333015441895,2.9147980213165283,42
14,2,2.8002514839172363,6.399999618530273,18.625,11.866666793823242,2.910156488418579,44
20,7,1.2874720096588135,2.808333396911621,8.158332824707031,6.349999904632568,2.9050443172454834,41
10,1,1.770274043083191,4.058333396911621,11.783333778381348,8.133333206176758,2.9034907817840576,46
4,31,3.057745933532715,5.2166666984558105,15.133333206176758,10.808333396911621,2.90095853805542,35
0,4,2.02776837348938,5.391666412353516,15.633333206176758,11.333333015441895,2.899536371231079,48
6,10,3.8624160289764404,7.358333587646484,21.33333396911621,15.550000190734863,2.89920711517334,40
10,5,1.4484059810638428,3.25,9.416666984558105,6.166666507720947,2.8974359035491943,48
0,5,2.4622902870178223,5.300000190734863,15.324999809265137,11.899999618530273,2.8915092945098877,47
7,1,3.0416526794433594,6.366666793823242,18.399999618530273,12.949999809265137,2.890052318572998,46
5,7,4.184284210205078,8.466667175292969,24.450000762939453,17.441665649414062,2.8877952098846436,42
16,38,1.4484059810638428,3.9166667461395264,11.308333396911621,7.016666889190674,2.8872339725494385,43
5,12,2.05995512008667,5.5,15.858333587646484,9.800000190734863,2.883333444595337,46
7,12,2.4140100479125977,4.4583330154418945,12.850000381469727,8.899999618530273,2.8822433948516846,46
1,7,3.122119665145874,5.650000095367432,16.25,12.483333587646484,2.8761062622070312,47
1,23,3.057745933532715,7.0,20.100000381469727,13.25,2.8714287281036377,45
4,7,3.701482057571411,7.5916666984558105,21.766666412353516,15.666666984558105,2.8671789169311523,42
4,0,2.092142105102539,5.633333206176758,16.125,10.550000190734863,2.8624260425567627,48
12,23,3.218679904937744,8.666666030883789,24.766666412353516,15.899999618530273,2.8576924800872803,34
21,4,3.733668804168701,6.949999809265137,19.849998474121094,12.949999809265137,2.8561148643493652,45
4,6,2.4140100479125977,5.666666507720947,16.183332443237305,10.899999618530273,2.855882167816162,45
18,26,1.4644993543624878,3.116666793823242,8.899999618530273,6.449999809265137,2.85561466217041,36
9,19,3.218679904937744,5.3333330154418945,15.208333969116211,10.483333587646484,2.851562738418579,45
7,4,3.540548086166382,8.491666793823242,24.183332443237305,17.266666412353516,2.8478899002075195,45
6,13,4.828020095825195,9.116666793823242,25.816667556762695,19.200000762939453,2.8318099975585938,38
0,11,4.264750957489014,7.25,20.5,16.299999237060547,2.8275861740112305,41
29,17,1.4484059810638428,1.991666555404663,5.616666793823242,4.233333110809326,2.8200838565826416,40
1,4,1.6898070573806763,4.349999904632568,12.25,8.816666603088379,2.816092014312744,48
29,18,1.770274043083191,3.3499999046325684,9.433333396911621,6.2833333015441895,2.81592059135437,37
20,2,3.8946027755737305,8.899999618530273,25.0,19.08333396911621,2.8089888095855713,34
18,6,3.057745933532715,6.125,17.174999237060547,13.516666412353516,2.804081439971924,35
13,7,5.938464641571045,11.291666984558105,31.58333396911621,20.299999237060547,2.7970478534698486,42
9,20,4.811926364898682,7.300000190734863,20.416667938232422,13.350000381469727,2.7968037128448486,44
24,0,6.0189313888549805,10.050000190734863,28.100000381469727,20.16666603088379,2.7960197925567627,38
9,7,3.975069761276245,7.066666603088379,19.733333587646484,13.850000381469727,2.792452812194824,43
2,23,1.593246579170227,3.75,10.466666221618652,7.433333396911621,2.7911109924316406,48
1,3,2.8324384689331055,6.2166666984558105,17.350000381469727,12.416666984558105,2.7908847332000732,48
0,1,1.7219938039779663,3.4666666984558105,9.666666984558105,7.516666889190674,2.788461685180664,48
2,6,1.609339952468872,3.4000000953674316,9.466666221618652,7.066666603088379,2.784313440322876,48
5,1,1.2391917705535889,3.433333396911621,9.550000190734863,6.133333206176758,2.7815535068511963,48
24,1,4.345218181610107,7.449999809265137,20.700000762939453,15.866666793823242,2.7785236835479736,41
12,19,1.6254334449768066,3.0166666507720947,8.375,5.916666507720947,2.776243209838867,46
7,5,4.023349761962891,8.658332824707031,23.983333587646484,17.933332443237305,2.7699713706970215,42
23,6,2.1082353591918945,4.949999809265137,13.699999809265137,9.416666984558105,2.767676830291748,45
10,23,4.248657703399658,8.649999618530273,23.866666793823242,15.550000190734863,2.759152412414551,38
12,8,3.9267895221710205,6.133333206176758,16.866666793823242,11.350000381469727,2.75,45
9,0,2.4944770336151123,4.891666412353516,13.449999809265137,9.133333206176758,2.7495741844177246,48
9,3,4.377404689788818,9.475000381469727,26.03333282470703,16.983333587646484,2.7475812435150146,44
21,11,1.2713786363601685,2.8583333492279053,7.849999904632568,6.2833333015441895,2.7463555335998535,45
42,18,1.4966862201690674,3.1500000953674316,8.649999618530273,5.083333492279053,2.7460315227508545,27
14,15,4.264750957489014,7.4666666984558105,20.5,12.083333015441895,2.7455356121063232,41
19,10,4.087723731994629,8.0,21.950000762939453,14.908332824707031,2.7437500953674316,38
19,16,4.11991024017334,7.0,19.16666603088379,12.066666603088379,2.7380950450897217,36
42,8,2.2530760765075684,4.5,12.316666603088379,6.5,2.737036943435669,33
19,0,1.1265380382537842,2.9666666984558105,8.116666793823242,5.633333206176758,2.735954999923706,46
21,0,4.828020095825195,9.425000190734863,25.78333282470703,18.266666412353516,2.7356321811676025,41
5,20,5.310822010040283,10.149999618530273,27.75,19.316667556762695,2.73399019241333,42
21,1,3.299146890640259,6.6666669845581055,18.200000762939453,12.966666221618652,2.7300000190734863,41
9,8,5.487849235534668,8.566666603088379,23.383333206176758,15.75,2.729572057723999,45
1,11,2.7358779907226562,4.866666793823242,13.283333778381348,10.716666221618652,2.729452133178711,44
15,2,2.574944019317627,6.550000190734863,17.850000381469727,12.583333015441895,2.7251908779144287,40
0,6,1.2874720096588135,3.4166667461395264,9.300000190734863,6.933333396911621,2.7219512462615967,44
1,8,4.828020095825195,8.216667175292969,22.316667556762695,15.183333396911621,2.716024398803711,44
18,22,1.4484059810638428,2.7833333015441895,7.558333396911621,5.599999904632568,2.715569019317627,36
3,21,5.423475742340088,9.183333396911621,24.899999618530273,20.33333396911621,2.7114336490631104,41
9,4,3.0094656944274902,7.141666412353516,19.358333587646484,13.100000381469727,2.710618495941162,48
5,19,3.6210150718688965,8.316666603088379,22.54166603088379,15.125,2.710420846939087,42
4,10,2.816344976425171,5.5416669845581055,14.949999809265137,10.433333396911621,2.697744131088257,43
3,12,3.0094656944274902,7.766666889190674,20.941665649414062,13.100000381469727,2.6963517665863037,45
7,19,1.2874720096588135,2.8333332538604736,7.625,5.75,2.691176652908325,44
13,5,1.6737135648727417,3.4833333492279053,9.358333587646484,6.133333206176758,2.686602830886841,48
3,6,1.1265380382537842,3.1583333015441895,8.458333015441895,5.7833333015441895,2.678100109100342,47
4,12,2.05995512008667,6.050000190734863,16.133333206176758,10.550000190734863,2.6666665077209473,48
8,12,4.023349761962891,6.350000381469727,16.924999237060547,11.966666221618652,2.665354013442993,45
0,18,3.765855550765991,6.133333206176758,16.33333396911621,11.516666412353516,2.663043737411499,41
11,0,4.023349761962891,7.699999809265137,20.5,14.833333015441895,2.6623377799987793,45
16,12,2.7358779907226562,4.0,10.633333206176758,8.416666984558105,2.6583333015441895,48
7,2,2.574944019317627,7.133333206176758,18.933332443237305,14.283333778381348,2.654205560684204,44
9,1,1.4484059810638428,3.116666555404663,8.266666412353516,6.316666603088379,2.6524064540863037,48
0,22,2.4783835411071777,4.9083333015441895,13.0,9.533333778381348,2.64855694770813,40
3,19,2.05995512008667,6.191666603088379,16.383333206176758,10.183333396911621,2.6460297107696533,46
3,9,4.345218181610107,9.600000381469727,25.399999618530273,16.299999237060547,2.6458332538604736,44
24,28,1.6254334449768066,4.258333206176758,11.266666412353516,6.933333396911621,2.6457924842834473,46
12,9,1.609339952468872,2.633333444595337,6.966666221618652,5.433333396911621,2.645569324493408,48
3,23,1.2874720096588135,3.2083334922790527,8.483333587646484,6.050000190734863,2.644155740737915,48
8,5,5.793623924255371,11.0,29.0,21.0,2.6363637447357178,41
31,4,3.218679904937744,7.125,18.733333587646484,13.983333587646484,2.629239797592163,32
4,19,3.218679904937744,8.375,22.008333206176758,15.116666793823242,2.6278607845306396,41
11,2,4.345218181610107,8.841667175292969,23.21666717529297,17.5,2.6258246898651123,44
6,12,2.4461967945098877,6.141666412353516,16.116666793823242,10.916666984558105,2.624152183532715,43
2,10,2.671504497528076,4.433333396911621,11.633333206176758,9.399999618530273,2.6240601539611816,43
12,5,1.9312080144882202,5.4666666984558105,14.333333015441895,10.216666221618652,2.621951103210449,46
3,24,6.727041244506836,12.266666412353516,32.116668701171875,23.133333206176758,2.618206739425659,38
23,7,3.3796141147613525,7.183333396911621,18.791667938232422,13.324999809265137,2.616009473800659,37
3,7,2.092142105102539,5.016666412353516,13.100000381469727,9.333333015441895,2.6112959384918213,47
13,8,7.563898086547852,13.883333206176758,36.233333587646484,21.983333587646484,2.6098439693450928,32
2,4,1.2230983972549438,3.366666793823242,8.774999618530273,6.300000190734863,2.606435537338257,48
6,0,1.2874720096588135,3.633333444595337,9.466666221618652,7.25,2.605504274368286,47
1,22,4.023349761962891,8.024999618530273,20.90833282470703,15.133333206176758,2.6053998470306396,36
19,20,1.6254334449768066,2.866666555404663,7.4583330154418945,5.650000095367432,2.6017441749572754,45
21,10,1.770274043083191,3.049999952316284,7.925000190734863,6.25,2.598360776901245,44
20,1,4.506152153015137,8.050000190734863,20.899999618530273,16.649999618530273,2.596273183822632,37
22,1,3.9911632537841797,9.133333206176758,23.683332443237305,18.633333206176758,2.5930657386779785,34
11,3,5.664876937866211,11.550000190734863,29.933332443237305,20.516666412353516,2.591630458831787,42
0,10,3.218679904937744,5.833333492279053,15.116666793823242,11.933333396911621,2.591428518295288,42
8,1,4.828020095825195,9.133333206176758,23.649999618530273,17.299999237060547,2.589416027069092,42
17,2,3.902649402618408,8.449999809265137,21.858333587646484,16.383333206176758,2.586785078048706,37
32,2,5.343008995056152,12.100000381469727,31.200000762939453,21.149999618530273,2.57851243019104,38
14,0,3.8624160289764404,8.875,22.883333206176758,15.483333587646484,2.5784037113189697,45
13,10,1.2874720096588135,2.7166666984558105,6.991666793823242,5.599999904632568,2.5736196041107178,48
4,20,4.828020095825195,10.383333206176758,26.683332443237305,18.316667556762695,2.5698232650756836,41
16,2,4.522245407104492,9.125,23.399999618530273,16.78333282470703,2.5643835067749023,45
9,11,1.6737135648727417,3.9250001907348633,10.033332824707031,7.433333396911621,2.556262969970703,45
5,8,5.793623924255371,11.0,28.066667556762695,19.191665649414062,2.5515153408050537,44
42,35,1.2874720096588135,2.758333206176758,7.0333333015441895,4.183333396911621,2.549849033355713,27
4,22,4.570525646209717,8.925000190734863,22.75,17.16666603088379,2.5490195751190186,35
9,6,3.701482057571411,7.483333587646484,19.075000762939453,14.800000190734863,2.5489978790283203,43
6,7,1.2874720096588135,3.066666603088379,7.816666603088379,5.949999809265137,2.54891300201416,46
26,4,6.244239330291748,11.899999618530273,30.28333282470703,21.100000381469727,2.5448179244995117,29
16,3,5.970651626586914,12.183333396911621,30.899999618530273,19.549999237060547,2.5362517833709717,44
8,6,2.7358779907226562,6.258333206176758,15.858333587646484,11.866666793823242,2.5339548587799072,41
3,16,5.874091148376465,12.616666793823242,31.96666717529297,20.883333206176758,2.5336856842041016,40
14,5,1.2874720096588135,2.883333444595337,7.300000190734863,5.266666889190674,2.531791925430298,47
15,1,4.345218181610107,9.858333587646484,24.950000762939453,18.016666412353516,2.530853748321533,37
23,3,1.2713786363601685,2.75,6.9583330154418945,4.900000095367432,2.5303030014038086,48
20,5,5.310822010040283,10.75,27.16666603088379,20.566667556762695,2.5271317958831787,35
0,33,3.025559186935425,7.933333396911621,20.016666412353516,14.899999618530273,2.523109197616577,34
15,23,1.8346476554870605,4.25,10.708333015441895,7.9666666984558105,2.5196077823638916,38
20,4,4.828020095825195,11.300000190734863,28.433332443237305,21.15833282470703,2.5162241458892822,36
35,48,1.8346476554870605,2.9666666984558105,7.449999809265137,4.199999809265137,2.5112359523773193,32
3,11,5.632689952850342,11.600000381469727,29.100000381469727,22.78333282470703,2.5086207389831543,40
6,9,3.701482057571411,7.8416666984558105,19.66666603088379,14.666666984558105,2.507970094680786,41
1,18,5.359102249145508,10.0,25.016666412353516,16.46666717529297,2.50166654586792,41
16,0,4.023349761962891,7.25,18.133333206176758,12.633333206176758,2.5011494159698486,48
19,18,3.6532018184661865,5.958333492279053,14.899999618530273,10.816666603088379,2.500699281692505,38
16,6,5.4717559814453125,10.366666793823242,25.883333206176758,17.799999237060547,2.4967844486236572,45
4,13,2.6875977516174316,5.383333206176758,13.433333396911621,9.0,2.4953560829162598,42
5,15,4.184284210205078,8.516666412353516,21.241666793823242,14.266666412353516,2.494129180908203,39
5,13,1.7059004306793213,2.799999952316284,6.983333110809326,5.7833333015441895,2.4940476417541504,46
11,1,2.7358779907226562,5.683333396911621,14.133333206176758,10.933333396911621,2.4868035316467285,44
22,5,4.731459617614746,11.333333015441895,28.16666603088379,22.649999618530273,2.4852941036224365,31
15,14,4.184284210205078,7.800000190734863,19.383333206176758,15.0,2.4850425720214844,36
30,24,1.544966459274292,4.516666889190674,11.216666221618652,7.75,2.4833946228027344,36
6,20,2.301356315612793,5.316666603088379,13.199999809265137,9.283333778381348,2.4827585220336914,42
9,16,1.5288729667663574,3.3499999046325684,8.283333778381348,6.5333333015441895,2.4726369380950928,47
11,4,4.329124450683594,9.233333587646484,22.816665649414062,16.316667556762695,2.471118927001953,45
2,14,2.8968119621276855,5.599999904632568,13.833333969116211,10.666666984558105,2.470238208770752,45
37,4,2.9289987087249756,8.283333778381348,20.458332061767578,14.625,2.469818592071533,27
31,2,2.91290545463562,7.366666793823242,18.183334350585938,13.899999618530273,2.4683258533477783,30
17,4,4.184284210205078,8.741666793823242,21.566667556762695,15.566666603088379,2.467111587524414,41
4,15,2.7358779907226562,5.150000095367432,12.699999809265137,9.466666221618652,2.46601939201355,45
4,37,3.218679904937744,8.083333015441895,19.933332443237305,13.141666412353516,2.4659793376922607,38
12,20,3.057745933532715,5.050000190734863,12.433333396911621,9.516666412353516,2.4620461463928223,44
1,15,4.441778182983398,9.300000190734863,22.883333206176758,16.299999237060547,2.460573434829712,41
21,3,5.359102249145508,11.100000381469727,27.25,18.549999237060547,2.4549548625946045,39
10,28,4.441778182983398,8.141666412353516,19.983333587646484,14.966666221618652,2.4544525146484375,40
6,24,6.759228229522705,13.0,31.883333206176758,25.03333282470703,2.452564001083374,29
16,20,5.632689952850342,8.783333778381348,21.483333587646484,13.550000190734863,2.44592022895813,38
31,0,3.1703999042510986,7.550000190734863,18.45833396911621,13.466666221618652,2.444812297821045,32
0,7,1.609339952468872,3.75,9.166666984558105,7.233333110809326,2.444444417953491,45
9,2,2.8324384689331055,7.2833333015441895,17.78333282470703,13.116666793823242,2.441647529602051,46
12,11,3.154306411743164,6.2833333015441895,15.333333969116211,11.616666793823242,2.4403183460235596,40
15,3,1.4323126077651978,3.616666793823242,8.800000190734863,6.183333396911621,2.4331796169281006,44
0,19,1.2070050239562988,3.1666667461395264,7.699999809265137,6.0333333015441895,2.4315788745880127,44
2,33,1.8668344020843506,4.716666221618652,11.466666221618652,8.25,2.431095600128174,40
2,5,1.609339952468872,3.366666793823242,8.183333396911621,6.433333396911621,2.4306929111480713,48
7,20,1.2713786363601685,2.866666555404663,6.9666666984558105,5.400000095367432,2.4302327632904053,47
5,9,1.770274043083191,4.550000190734863,11.050000190734863,7.733333110809326,2.4285714626312256,48
6,16,5.455662727355957,10.858333587646484,26.366666793823242,18.983333587646484,2.4282424449920654,35
31,1,4.570525646209717,10.483333587646484,25.41666603088379,18.983333587646484,2.424483299255371,28
17,15,1.609339952468872,2.758333206176758,6.683333396911621,5.650000095367432,2.4229607582092285,43
23,0,2.220889091491699,6.849999904632568,16.58333396911621,11.649999618530273,2.420924663543701,46
25,2,6.598293781280518,11.175000190734863,27.04166603088379,21.91666603088379,2.4198358058929443,32
0,12,1.4323126077651978,3.375,8.166666984558105,5.983333110809326,2.419753074645996,47
31,15,0.9656040072441101,2.2333333492279053,5.400000095367432,4.083333492279053,2.417910575866699,33
6,11,5.214261531829834,11.0,26.59166717529297,21.83333396911621,2.417424201965332,37
0,37,2.7358779907226562,5.275000095367432,12.733333587646484,9.666666984558105,2.4139020442962646,39
17,5,5.4717559814453125,10.766666412353516,25.983333587646484,19.616666793823242,2.4133126735687256,37
18,1,5.310822010040283,11.641666412353516,28.049999237060547,21.5,2.4094488620758057,32
1,14,2.2530760765075684,4.75,11.391666412353516,9.466666221618652,2.3982455730438232,44
10,8,6.469546794891357,12.533333778381348,30.03333282470703,20.516666412353516,2.3962764739990234,38
20,3,3.3796141147613525,8.333333969116211,19.96666717529297,15.516666412353516,2.3959999084472656,37
3,50,1.4001257419586182,3.0999999046325684,7.425000190734863,5.883333206176758,2.3951613903045654,33
14,10,1.6898070573806763,4.050000190734863,9.699999809265137,7.333333492279053,2.395061492919922,46
5,17,5.4717559814453125,10.766666412353516,25.774999618530273,17.299999237060547,2.393962860107422,37
8,10,6.598293781280518,11.024999618530273,26.375,20.683332443237305,2.3922903537750244,38
0,20,2.671504497528076,5.608333587646484,13.416666984558105,10.116666793823242,2.392273426055908,44
14,9,2.2530760765075684,6.208333492279053,14.841667175292969,9.899999618530273,2.390604019165039,44
27,18,2.4140100479125977,5.166666507720947,12.350000381469727,8.649999618530273,2.390322685241699,41
21,7,6.485640048980713,13.925000190734863,33.275001525878906,23.33333396911621,2.389587163925171,34
18,20,2.4461967945098877,5.583333492279053,13.341667175292969,9.883333206176758,2.389552354812622,35
30,5,5.632689952850342,10.533333778381348,25.16666603088379,19.0,2.389240264892578,31
26,3,4.828020095825195,9.383333206176758,22.416667938232422,18.299999237060547,2.3889877796173096,26
1,19,2.574944019317627,5.866666793823242,14.0,10.366666793823242,2.3863635063171387,43
5,10,1.544966459274292,3.200000047683716,7.633333206176758,5.683333396911621,2.3854165077209473,48
16,4,4.506152153015137,10.300000190734863,24.566665649414062,16.683332443237305,2.38511323928833,48
10,24,2.7680647373199463,5.5,13.100000381469727,10.391666412353516,2.3818182945251465,40
8,9,5.76143741607666,9.233333587646484,21.96666717529297,15.783333778381348,2.379061460494995,41
7,26,2.574944019317627,4.275000095367432,10.166666984558105,7.733333110809326,2.3781676292419434,41
26,35,1.2230983972549438,2.3916666507720947,5.683333396911621,3.7333333492279053,2.3763067722320557,35
15,20,3.299146890640259,7.849999904632568,18.649999618530273,13.050000190734863,2.37579607963562,40
9,23,4.667086124420166,11.274999618530273,26.78333282470703,17.116666793823242,2.375462055206299,40
32,5,4.184284210205078,9.25,21.950000762939453,15.383333206176758,2.3729729652404785,41
6,22,1.770274043083191,3.816666603088379,9.050000190734863,6.349999904632568,2.3711791038513184,38
26,6,3.701482057571411,7.724999904632568,18.308334350585938,14.533333778381348,2.3700108528137207,31
4,14,1.802460789680481,3.6500000953674316,8.649999618530273,5.933333396911621,2.3698627948760986,47
33,0,3.1784465312957764,9.899999618530273,23.433332443237305,15.300000190734863,2.3670034408569336,28
6,23,2.188702344894409,6.324999809265137,14.966666221618652,11.508333206176758,2.366271495819092,42
36,0,4.023349761962891,9.866666793823242,23.34166717529297,16.899999618530273,2.3657095432281494,24
35,0,4.506152153015137,8.25,19.516666412353516,14.283333778381348,2.365656614303589,31
9,37,1.1265380382537842,2.3499999046325684,5.550000190734863,4.550000190734863,2.3617022037506104,48
6,19,1.4484059810638428,4.333333492279053,10.208333015441895,7.366666793823242,2.355769157409668,44
3,33,2.4783835411071777,5.566666603088379,13.100000381469727,9.391666412353516,2.3532934188842773,42
5,24,3.8624160289764404,7.150000095367432,16.816667556762695,12.916666984558105,2.3519814014434814,41
20,0,2.7358779907226562,6.066666603088379,14.266666412353516,11.466666221618652,2.3516483306884766,41
10,12,2.5910375118255615,6.0,14.108333587646484,10.550000190734863,2.351388931274414,44
18,3,4.345218181610107,8.716666221618652,20.46666717529297,16.350000381469727,2.347992420196533,34
19,11,4.667086124420166,9.433333396911621,22.100000381469727,16.566667556762695,2.3427562713623047,37
40,9,1.4484059810638428,3.2666666507720947,7.650000095367432,5.25,2.34183669090271,43
16,7,5.2303547859191895,9.166666984558105,21.458332061767578,14.449999809265137,2.3409087657928467,41
2,7,2.703691244125366,6.650000095367432,15.558333396911621,11.516666412353516,2.3395988941192627,45
5,37,2.092142105102539,5.400000095367432,12.616666793823242,9.100000381469727,2.3364198207855225,45
29,4,5.584409713745117,9.883333206176758,23.08333396911621,17.375,2.3355817794799805,32
14,7,5.552223205566406,12.983333587646484,30.275001525878906,19.741666793823242,2.3318357467651367,40
13,19,5.310822010040283,13.116666793823242,30.575000762939453,18.274999618530273,2.3310039043426514,34
6,33,3.6853885650634766,8.833333015441895,20.566665649414062,16.133333206176758,2.3283019065856934,28
19,37,2.8968119621276855,6.116666793823242,14.233333587646484,8.883333206176758,2.3269755840301514,29
9,15,5.9545578956604,13.233333587646484,30.78333282470703,20.0,2.3261964321136475,37
18,10,6.904068470001221,14.516666412353516,33.766666412353516,24.858333587646484,2.326061964035034,24
12,1,1.1426314115524292,3.375,7.824999809265137,6.050000190734863,2.3185184001922607,48
11,8,7.097189426422119,13.75,31.866666793823242,20.475000381469727,2.317575693130493,33
36,4,3.765855550765991,9.133333206176758,21.166667938232422,15.600000381469727,2.317518472671509,29
2,20,3.8624160289764404,8.883333206176758,20.549999237060547,14.350000381469727,2.3133208751678467,39
19,14,4.940673828125,11.841667175292969,27.383333206176758,19.066667556762695,2.312455892562866,31
17,22,2.092142105102539,4.833333492279053,11.149999618530273,7.699999809265137,2.306896448135376,36
26,48,2.574944019317627,3.9000000953674316,8.983333587646484,5.2833333015441895,2.3034188747406006,25
37,0,2.574944019317627,5.399999618530273,12.433333396911621,9.283333778381348,2.302469253540039,33
17,1,5.664876937866211,12.983333587646484,29.883333206176758,21.41666603088379,2.301668643951416,35
15,12,4.506152153015137,11.350000381469727,26.108333587646484,17.483333587646484,2.3002936840057373,35
17,7,3.3796141147613525,7.716666221618652,17.75,13.216666221618652,2.3002161979675293,38
0,14,3.878509283065796,8.816666603088379,20.266666412353516,16.53333282470703,2.2986767292022705,39
0,8,3.1703999042510986,6.233333110809326,14.308333396911621,10.183333396911621,2.295454740524292,45
12,10,2.4783835411071777,5.0833330154418945,11.666666984558105,9.550000190734863,2.2950820922851562,42
10,18,7.193749904632568,14.25,32.650001525878906,23.241666793823242,2.2912282943725586,30
2,13,3.2830536365509033,6.383333206176758,14.616666793823242,11.449999809265137,2.2898173332214355,43
11,19,4.828020095825195,10.016666412353516,22.933334350585938,16.116666793823242,2.289517641067505,38
10,14,1.609339952468872,3.6666667461395264,8.375,7.0333333015441895,2.284090757369995,47
1,20,4.216470718383789,9.149999618530273,20.875,14.366666793823242,2.281420946121216,42
31,3,1.7059004306793213,4.0333333015441895,9.199999809265137,6.883333206176758,2.280991792678833,38
10,20,5.9867448806762695,11.633333206176758,26.516666412353516,19.5,2.279369592666626,32
1,33,2.092142105102539,6.016666412353516,13.699999809265137,10.533333778381348,2.277008295059204,42
14,8,7.402964115142822,14.766666412353516,33.616668701171875,21.149999618530273,2.2765238285064697,36
13,23,4.1681904792785645,8.833333015441895,20.099998474121094,12.233333587646484,2.2754716873168945,42
2,27,4.988954067230225,8.975000381469727,20.41666603088379,14.399999618530273,2.2748372554779053,30
3,30,9.65604019165039,14.991666793823242,34.083335876464844,25.0,2.2734854221343994,31
35,7,2.7358779907226562,5.916666507720947,13.449999809265137,9.800000190734863,2.2732393741607666,34
17,6,3.057745933532715,6.699999809265137,15.216666221618652,11.983333587646484,2.271144390106201,39
24,10,2.7358779907226562,5.175000190734863,11.75,9.283333778381348,2.270531415939331,42
30,11,2.8002514839172363,8.083333969116211,18.350000381469727,12.600000381469727,2.2701029777526855,38
7,3,2.092142105102539,6.125,13.899999618530273,10.733333587646484,2.269387722015381,47
5,22,4.9567670822143555,11.583333015441895,26.266666412353516,19.71666717529297,2.2676260471343994,31
33,1,2.092142105102539,7.050000190734863,15.983333587646484,10.399999618530273,2.267139434814453,37
4,33,1.1587247848510742,3.1666667461395264,7.166666507720947,5.2166666984558105,2.263157844543457,44
1,24,4.184284210205078,8.916666984558105,20.174999237060547,14.916666984558105,2.2626166343688965,40
20,12,3.299146890640259,5.775000095367432,13.058333396911621,9.899999618530273,2.261183261871338,40
2,15,2.574944019317627,5.2833333015441895,11.925000190734863,9.616666793823242,2.2570979595184326,44
9,18,6.437359809875488,11.800000190734863,26.633333206176758,18.899999618530273,2.2570621967315674,38
39,6,2.9772789478302,7.016666889190674,15.833333015441895,12.333333015441895,2.2565319538116455,24
7,16,5.310822010040283,9.491666793823242,21.41666603088379,15.916666984558105,2.2563650608062744,32
2,0,1.351845622062683,4.199999809265137,9.475000381469727,7.233333110809326,2.2559525966644287,48
31,7,2.2530760765075684,5.616666793823242,12.649999618530273,9.083333015441895,2.252225399017334,34
15,7,2.3818233013153076,6.016666889190674,13.550000190734863,10.033333778381348,2.252077579498291,39
30,4,7.563898086547852,12.549999237060547,28.25,21.116666793823242,2.2509961128234863,30
10,19,4.313031196594238,9.716666221618652,21.866666793823242,15.883333206176758,2.2504289150238037,38
4,25,5.82581090927124,8.533333778381348,19.200000762939453,16.299999237060547,2.25,38
9,5,1.818554162979126,5.400000095367432,12.149999618530273,8.983333587646484,2.25,48
5,18,6.405173301696777,13.808333396911621,31.049999237060547,20.816667556762695,2.2486419677734375,36
1,5,1.2713786363601685,3.7666666507720947,8.449999809265137,6.400000095367432,2.2433629035949707,48
9,28,6.550014019012451,9.491666793823242,21.266666412353516,14.050000190734863,2.2405617237091064,40
26,2,5.2303547859191895,10.883333206176758,24.366666793823242,18.683332443237305,2.2388973236083984,26
30,0,8.368568420410156,10.516666412353516,23.508333206176758,17.149999618530273,2.2353408336639404,32
22,10,5.4717559814453125,13.141666412353516,29.350000381469727,22.53333282470703,2.2333545684814453,30
13,12,3.701482057571411,9.699999809265137,21.650001525878906,13.616666793823242,2.2319588661193848,41
2,16,4.618805885314941,10.133333206176758,22.616666793823242,16.58333396911621,2.231907844543457,40
31,17,1.4484059810638428,2.5999999046325684,5.800000190734863,4.766666889190674,2.230769395828247,35
10,15,5.600502967834473,12.666666984558105,28.24166488647461,18.383333206176758,2.229604959487915,36
23,17,3.122119665145874,4.900000095367432,10.916666984558105,8.116666793823242,2.227891206741333,40
20,19,1.770274043083191,4.2166666984558105,9.391666412353516,6.9666666984558105,2.2272727489471436,40
2,35,5.777530670166016,10.708333969116211,23.850000381469727,15.800000190734863,2.2272372245788574,27
4,8,5.4717559814453125,11.699999809265137,26.049999237060547,18.41666603088379,2.2264957427978516,41
2,8,4.345218181610107,8.833333015441895,19.66666603088379,14.149999618530273,2.2264151573181152,43
12,18,4.988954067230225,9.524999618530273,21.200000762939453,15.083333015441895,2.225721836090088,34
10,30,4.184284210205078,9.608333587646484,21.383333206176758,14.966666221618652,2.225498676300049,37
16,19,4.023349761962891,7.150000095367432,15.899999618530273,10.899999618530273,2.22377610206604,45
9,32,2.542757272720337,6.75,15.0,11.608333587646484,2.222222328186035,42
3,28,8.690436363220215,14.333333015441895,31.850000381469727,25.066667556762695,2.222093105316162,43
19,26,3.0416526794433594,5.3416666984558105,11.866666793823242,8.083333015441895,2.2215287685394287,39
21,23,5.343008995056152,11.216667175292969,24.90833282470703,17.049999237060547,2.220653533935547,36
11,28,3.186493158340454,7.333333492279053,16.28333282470703,11.399999618530273,2.220454454421997,43
20,8,1.3679389953613281,2.6500000953674316,5.883333206176758,4.566666603088379,2.220125675201416,46
11,7,5.568316459655762,12.216667175292969,27.09166717529297,19.683332443237305,2.2175989151000977,40
3,20,3.2669601440429688,7.933333396911621,17.549999237060547,12.666666984558105,2.2121846675872803,47
13,14,1.4484059810638428,2.883333444595337,6.366666793823242,5.266666889190674,2.208092451095581,45
25,21,1.9312080144882202,4.016666412353516,8.866666793823242,7.2166666984558105,2.2074689865112305,36
25,24,1.1265380382537842,3.0166666507720947,6.6583333015441895,5.683333396911621,2.2071824073791504,36
7,21,6.437359809875488,13.5,29.766666412353516,24.100000381469727,2.2049381732940674,30
6,21,5.632689952850342,12.766666412353516,28.100000381469727,23.233333587646484,2.2010445594787598,33
9,26,6.276425838470459,11.633333206176758,25.600000381469727,16.21666717529297,2.200573205947876,29
16,24,2.7358779907226562,6.633333206176758,14.583333015441895,11.399999618530273,2.1984925270080566,45
3,32,6.759228229522705,16.016666412353516,35.20000076293945,25.5,2.1977107524871826,26
37,1,1.609339952468872,4.666666507720947,10.25,8.300000190734863,2.1964285373687744,37
4,9,3.0094656944274902,7.8416666984558105,17.200000762939453,12.050000190734863,2.193411350250244,47
39,18,1.770274043083191,4.574999809265137,10.033332824707031,6.166666507720947,2.1930782794952393,27
23,12,3.218679904937744,9.949999809265137,21.816667556762695,13.899999618530273,2.1926300525665283,31
7,8,1.6254334449768066,2.7166666984558105,5.949999809265137,4.816666603088379,2.1901838779449463,47
30,1,7.258123397827148,11.283333778381348,24.708332061767578,18.25,2.189807891845703,36
34,41,1.4484059810638428,3.0333333015441895,6.633333206176758,5.2833333015441895,2.1868131160736084,37
17,3,2.574944019317627,5.5333333015441895,12.100000381469727,9.633333206176758,2.1867470741271973,45
19,8,2.4140100479125977,4.391666412353516,9.600000381469727,6.7833333015441895,2.1859583854675293,45
7,11,5.4717559814453125,12.199999809265137,26.66666603088379,20.241666793823242,2.1857924461364746,35
24,30,1.577153205871582,4.800000190734863,10.483333587646484,6.983333110809326,2.184027671813965,42
35,20,2.236982583999634,4.849999904632568,10.591667175292969,7.75,2.1838488578796387,36
2,21,4.313031196594238,8.25,18.016666412353516,15.333333015441895,2.183838367462158,38
23,15,1.770274043083191,2.633333444595337,5.75,4.849999904632568,2.183544158935547,46
0,13,4.280844211578369,9.433333396911621,20.549999237060547,16.399999618530273,2.1784451007843018,39
2,19,2.220889091491699,6.458333492279053,14.066666603088379,10.350000381469727,2.1780643463134766,43
15,19,3.218679904937744,9.199999809265137,20.016666412353516,13.716666221618652,2.175724744796753,35
13,9,2.092142105102539,5.949999809265137,12.941666603088379,9.216666221618652,2.17507004737854,45
36,3,2.092142105102539,5.433333396911621,11.800000190734863,8.866666793823242,2.171779155731201,37
4,18,6.0189313888549805,11.966666221618652,25.983333587646484,19.41666603088379,2.171309232711792,39
3,22,2.8968119621276855,6.516666889190674,14.133333206176758,10.666666984558105,2.1687979698181152,39
26,20,1.4484059810638428,3.0833332538604736,6.683333396911621,5.199999809265137,2.167567729949951,40
16,8,6.614387512207031,11.191666603088379,24.25,15.466666221618652,2.166790723800659,37
33,5,1.5127795934677124,4.775000095367432,10.333333015441895,6.316666603088379,2.164048671722412,41
19,7,1.2874720096588135,2.950000047683716,6.383333206176758,5.166666507720947,2.163841724395752,45
25,3,7.242030143737793,12.949999809265137,28.0,22.0,2.1621623039245605,32
32,21,1.770274043083191,4.8416666984558105,10.466666221618652,7.775000095367432,2.161789894104004,38
21,12,4.184284210205078,10.016666412353516,21.641666412353516,15.466666221618652,2.1605658531188965,39
23,14,2.6875977516174316,5.208333492279053,11.25,8.516666412353516,2.1599998474121094,42
1,35,6.11549186706543,12.433333396911621,26.850000381469727,16.433332443237305,2.159517526626587,24
14,12,3.3796141147613525,9.424999237060547,20.34166717529297,13.083333015441895,2.1582672595977783,40
6,14,4.506152153015137,10.725000381469727,23.141666412353516,18.700000762939453,2.157731056213379,40
22,3,2.8968119621276855,7.641666412353516,16.483333587646484,13.133333206176758,2.157033920288086,33
16,1,2.8968119621276855,6.599999904632568,14.233333587646484,10.850000381469727,2.1565656661987305,48
5,21,2.7358779907226562,5.433333396911621,11.708333015441895,9.341667175292969,2.1549079418182373,45
15,6,1.8507410287857056,5.275000095367432,11.366666793823242,8.316666603088379,2.154818296432495,39
13,18,8.191540718078613,16.575000762939453,35.66666793823242,23.733333587646484,2.1518349647521973,26
0,15,3.2669601440429688,8.466666221618652,18.20833396911621,13.583333015441895,2.150590658187866,39
13,21,1.5127795934677124,3.3499999046325684,7.199999809265137,6.183333396911621,2.1492538452148438,46
0,35,4.441778182983398,8.183333396911621,17.58333396911621,11.699999809265137,2.1486761569976807,34
29,7,4.345218181610107,10.258333206176758,22.041667938232422,15.416666984558105,2.1486597061157227,26
1,17,5.777530670166016,12.075000762939453,25.941665649414062,18.183332443237305,2.1483778953552246,38
7,23,3.3152403831481934,9.666666984558105,20.766666412353516,16.366666793823242,2.148275852203369,37
5,33,1.5127795934677124,4.300000190734863,9.233333587646484,6.5,2.147286891937256,43
24,32,1.577153205871582,4.8333330154418945,10.375,7.349999904632568,2.1465518474578857,40
8,3,3.975069761276245,9.116666793823242,19.566667556762695,15.350000381469727,2.146252393722534,42
20,6,2.3496363162994385,6.691666603088379,14.350000381469727,11.633333206176758,2.144458293914795,36
25,28,1.4484059810638428,4.058333396911621,8.699999809265137,6.2166666984558105,2.1437370777130127,36
0,24,5.9545578956604,11.991666793823242,25.700000762939453,21.058334350585938,2.143155097961426,35
27,4,5.632689952850342,10.975000381469727,23.516666412353516,17.83333396911621,2.1427485942840576,29
14,19,5.037234306335449,12.683333396911621,27.16666603088379,17.491666793823242,2.141918420791626,35
34,29,1.2874720096588135,2.7083334922790527,5.800000190734863,4.199999809265137,2.141538381576538,39
4,11,4.216470718383789,9.716667175292969,20.79166603088379,16.899999618530273,2.139793872833252,39
18,27,2.5266637802124023,5.483333110809326,11.725000381469727,8.533333778381348,2.1382980346679688,33
24,11,1.8507410287857056,4.891666412353516,10.433333396911621,8.466666221618652,2.1328792572021484,44
29,35,2.4461967945098877,6.7916669845581055,14.475000381469727,8.816666603088379,2.1312882900238037,26
13,37,3.057745933532715,8.5,18.100000381469727,12.266666412353516,2.1294116973876953,27
21,28,2.8968119621276855,7.5,15.958333015441895,9.949999809265137,2.1277778148651123,40
39,8,1.802460789680481,4.9083333015441895,10.433333396911621,7.150000095367432,2.1256368160247803,31
3,17,2.574944019317627,5.0333333015441895,10.691666603088379,8.449999809265137,2.1241722106933594,46
10,17,7.032815933227539,15.399999618530273,32.708335876464844,20.924999237060547,2.123918056488037,32
11,9,1.6576201915740967,3.7666666507720947,8.0,6.650000095367432,2.1238937377929688,47
1,26,5.632689952850342,11.833333015441895,25.116666793823242,16.91666603088379,2.122535228729248,32
10,11,1.561059832572937,3.866666555404663,8.199999809265137,6.933333396911621,2.120689630508423,45
7,6,1.2552851438522339,4.358333587646484,9.241666793823242,6.983333110809326,2.1204588413238525,44
4,17,4.152097225189209,8.350000381469727,17.683332443237305,13.158332824707031,2.1177642345428467,40
13,15,5.632689952850342,11.350000381469727,24.03333282470703,16.008333206176758,2.11747407913208,36
0,16,4.152097225189209,8.216666221618652,17.383333206176758,13.666666984558105,2.1156187057495117,41
12,22,3.701482057571411,8.733333587646484,18.46666717529297,14.066666603088379,2.114503860473633,25
23,19,2.94509220123291,10.516666412353516,22.233333587646484,14.233333587646484,2.114104747772217,28
7,10,4.634899139404297,11.091666221618652,23.433332443237305,17.766666412353516,2.112697124481201,36
17,31,1.2874720096588135,2.549999952316284,5.383333206176758,4.2833333015441895,2.1111111640930176,38
2,18,4.779739856719971,9.5,20.049999237060547,14.816666603088379,2.1105263233184814,39
30,21,2.703691244125366,7.0,14.766666412353516,11.266666412353516,2.1095237731933594,38
21,24,1.4484059810638428,3.9000000953674316,8.225000381469727,5.9666666984558105,2.1089744567871094,41
20,35,2.2530760765075684,3.9250001907348633,8.274999618530273,5.800000190734863,2.1082799434661865,39
15,27,2.397916555404663,3.858333110809326,8.133333206176758,6.833333492279053,2.1079914569854736,39
20,26,1.4484059810638428,2.6500000953674316,5.583333492279053,4.199999809265137,2.1069183349609375,43
24,9,3.540548086166382,8.216666221618652,17.308334350585938,13.199999809265137,2.1064910888671875,41
8,11,8.690436363220215,12.883333206176758,27.116666793823242,21.433332443237305,2.1047866344451904,36
21,30,2.8968119621276855,7.650000095367432,16.09166717529297,10.516666412353516,2.1034858226776123,41
2,26,5.246448516845703,11.233333587646484,23.59166717529297,16.233333587646484,2.1001484394073486,29
26,7,2.574944019317627,6.324999809265137,13.283333778381348,10.0,2.1001319885253906,35
12,16,2.7197844982147217,5.383333206176758,11.300000190734863,8.683333396911621,2.0990712642669678,42
11,12,3.1703999042510986,7.016666889190674,14.716666221618652,11.25,2.0973870754241943,44
0,26,4.039443492889404,8.75,18.350000381469727,12.600000381469727,2.0971429347991943,35
5,11,2.8968119621276855,6.9666666984558105,14.608333587646484,11.699999809265137,2.0968899726867676,43
23,9,4.667086124420166,11.633333206176758,24.383333206176758,16.133333206176758,2.0959885120391846,36
15,10,5.568316459655762,13.266666412353516,27.791667938232422,20.649999618530273,2.0948493480682373,36
8,17,2.3818233013153076,5.324999809265137,11.149999618530273,8.216666221618652,2.0938966274261475,45
4,16,4.586618900299072,11.616666793823242,24.299999237060547,17.758333206176758,2.0918219089508057,39
22,15,2.574944019317627,5.849999904632568,12.233333587646484,9.800000190734863,2.091168165206909,32
12,15,4.667086124420166,12.683333396911621,26.5,18.108333587646484,2.0893561840057373,33
13,24,2.4140100479125977,5.525000095367432,11.541666030883789,8.616666793823242,2.0889892578125,45
15,33,3.218679904937744,7.358333587646484,15.366666793823242,11.616666793823242,2.0883352756500244,27
11,38,1.609339952468872,5.300000190734863,11.066666603088379,8.583333015441895,2.088050127029419,40
4,35,6.759228229522705,14.658332824707031,30.599998474121094,20.5,2.0875496864318848,28
10,22,5.76143741607666,14.508333206176758,30.28333282470703,21.600000381469727,2.087306022644043,31
23,10,4.280844211578369,9.641666412353516,20.116666793823242,14.758333206176758,2.086430549621582,39
8,22,1.029977560043335,2.7750000953674316,5.7833333015441895,4.566666603088379,2.0840840339660645,40
29,8,3.057745933532715,7.300000190734863,15.208333015441895,10.333333015441895,2.0833332538604736,33
13,28,3.8624160289764404,8.333333015441895,17.350000381469727,11.583333015441895,2.0820000171661377,45
19,15,3.3796141147613525,9.350000381469727,19.46666717529297,13.966666221618652,2.081996440887451,34
17,36,0.9656040072441101,2.1666667461395264,4.508333206176758,3.7166666984558105,2.0807690620422363,37
9,24,3.3796141147613525,8.199999809265137,17.016666412353516,12.850000381469727,2.0752031803131104,40
15,13,5.310822010040283,12.416666984558105,25.758333206176758,18.566667556762695,2.0744965076446533,31
5,28,5.9545578956604,11.399999618530273,23.641666412353516,17.483333587646484,2.0738303661346436,42
20,15,3.0738394260406494,8.5,17.616666793823242,13.016666412353516,2.0725491046905518,38
9,17,7.258123397827148,15.716666221618652,32.55833435058594,21.75,2.071580171585083,34
0,25,9.97790813446045,13.058333396911621,27.049999237060547,21.633333206176758,2.071474075317383,35
4,32,5.4717559814453125,13.566666603088379,28.066667556762695,21.325000762939453,2.068796157836914,36
7,15,2.2530760765075684,6.2166666984558105,12.858333587646484,10.199999809265137,2.0683646202087402,39
13,11,1.786367416381836,5.300000190734863,10.949999809265137,8.850000381469727,2.066037654876709,45
16,10,1.770274043083191,4.616666793823242,9.533333778381348,7.800000190734863,2.0649819374084473,48
12,28,7.82139253616333,9.933333396911621,20.508333206176758,13.100000381469727,2.0645973682403564,25
0,30,8.481222152709961,11.233333587646484,23.191665649414062,17.799999237060547,2.064539909362793,39
7,37,4.023349761962891,8.108333587646484,16.733333587646484,12.466666221618652,2.063720464706421,25
28,21,2.7358779907226562,6.449999809265137,13.300000190734863,9.983333587646484,2.0620155334472656,35
9,38,2.7197844982147217,7.349999904632568,15.133333206176758,11.583333015441895,2.0589568614959717,40
22,12,3.733668804168701,9.558333396911621,19.666667938232422,15.583333015441895,2.057541608810425,27
11,10,1.609339952468872,3.933333396911621,8.091667175292969,6.666666507720947,2.057203531265259,45
6,18,3.057745933532715,6.141666412353516,12.633333206176758,9.316666603088379,2.056987762451172,40
12,14,3.3796141147613525,8.441666603088379,17.350000381469727,14.133333206176758,2.055281400680542,38
37,10,1.9794882535934448,5.150000095367432,10.583333969116211,8.774999618530273,2.055016279220581,32
24,25,1.1265380382537842,3.3416666984558105,6.866666793823242,5.516666889190674,2.0548629760742188,41
9,14,2.1404221057891846,5.941666603088379,12.208333015441895,10.016666412353516,2.0546984672546387,46
2,17,3.846322536468506,7.633333206176758,15.683333396911621,12.149999618530273,2.0545852184295654,42
16,11,1.2874720096588135,3.866666793823242,7.941666603088379,6.733333110809326,2.0538792610168457,48
11,23,5.841904163360596,13.291666984558105,27.291667938232422,18.883333206176758,2.0532915592193604,37
22,18,1.4484059810638428,2.816666603088379,5.7833333015441895,4.5,2.0532543659210205,39
35,47,2.751971483230591,4.7833333015441895,9.816666603088379,6.666666507720947,2.05226469039917,27
14,17,5.793623924255371,11.708333969116211,24.016666412353516,15.0,2.0512454509735107,34
2,31,2.7358779907226562,6.199999809265137,12.716666221618652,9.433333396911621,2.0510752201080322,37
10,16,1.770274043083191,5.2916669845581055,10.850000381469727,8.5,2.050393581390381,45
1,28,7.402964115142822,11.175000190734863,22.875,16.899999618530273,2.0469799041748047,42
31,6,2.0438618659973145,5.349999904632568,10.949999809265137,8.533333778381348,2.04672908782959,32
16,9,1.4484059810638428,3.1666667461395264,6.474999904632568,5.2833333015441895,2.044736862182617,48
16,23,6.11549186706543,14.183333396911621,28.983333587646484,19.866666793823242,2.04347825050354,29
13,17,7.209843158721924,13.466667175292969,27.516666412353516,18.725000381469727,2.0433168411254883,29
25,0,9.994001388549805,13.533332824707031,27.600000381469727,21.399999618530273,2.0394089221954346,34
30,2,8.529501914978027,14.291666030883789,29.108333587646484,22.366666793823242,2.0367348194122314,29
19,13,5.246448516845703,12.950000762939453,26.358333587646484,18.983333587646484,2.0353925228118896,32
37,19,2.574944019317627,5.525000095367432,11.233333587646484,7.5333333015441895,2.0331826210021973,31
16,5,3.3796141147613525,8.399999618530273,17.066667556762695,13.116666793823242,2.0317461490631104,48
6,17,3.1060261726379395,6.4666666984558105,13.133333206176758,10.483333587646484,2.030927896499634,38
4,29,5.632689952850342,11.716667175292969,23.78333282470703,15.25,2.029871940612793,25
7,13,5.793623924255371,14.199999809265137,28.799999237060547,22.299999237060547,2.0281689167022705,32
22,19,2.4622902870178223,7.133333206176758,14.449999809265137,11.516666412353516,2.0257010459899902,33
11,5,2.9611856937408447,7.108333587646484,14.383333206176758,11.216666221618652,2.023446559906006,47
10,9,1.2874720096588135,3.8416666984558105,7.766666889190674,6.133333206176758,2.0216920375823975,48
11,30,2.7358779907226562,7.491666793823242,15.133333206176758,10.199999809265137,2.02002215385437,41
11,24,1.7541805505752563,4.5333333015441895,9.149999618530273,6.983333110809326,2.0183823108673096,44
19,35,3.6612486839294434,6.5333333015441895,13.166666030883789,8.383333206176758,2.015305995941162,35
28,30,1.2874720096588135,3.6500000953674316,7.349999904632568,6.0,2.0136985778808594,29
28,25,1.4162192344665527,3.6666665077209473,7.383333206176758,5.949999809265137,2.013636350631714,34
34,27,1.3840323686599731,2.6666667461395264,5.366666793823242,4.566666603088379,2.012500047683716,45
37,12,1.2874720096588135,3.383333206176758,6.800000190734863,5.316666603088379,2.009852409362793,37
17,12,5.9545578956604,14.641666412353516,29.383333206176758,19.850000381469727,2.0068297386169434,29
23,8,5.174028396606445,11.508333206176758,23.08333396911621,15.699999809265137,2.0057930946350098,32
17,19,4.538338661193848,12.066666603088379,24.200000762939453,17.16666603088379,2.0055248737335205,31
29,6,4.313031196594238,9.108333587646484,18.25,14.449999809265137,2.00365948677063,27
0,21,4.972860813140869,11.366666793823242,22.766666412353516,19.191665649414062,2.002932548522949,36
11,16,1.2874720096588135,4.099999904632568,8.199999809265137,6.699999809265137,2.0,47
8,26,1.1265380382537842,2.683333396911621,5.366666793823242,4.199999809265137,2.0,47
4,24,5.149888038635254,11.925000190734863,23.83333396911621,18.024999618530273,1.9986023902893066,35
2,22,3.4922678470611572,8.5,16.983333587646484,12.949999809265137,1.9980392456054688,35
9,22,4.988954067230225,12.016666412353516,24.008333206176758,17.725000381469727,1.9979195594787598,30
1,10,1.609339952468872,3.549999952316284,7.083333492279053,5.733333110809326,1.9953051805496216,47
9,10,1.2552851438522339,3.4250001907348633,6.833333492279053,5.5333333015441895,1.9951337575912476,48
26,9,6.453453540802002,10.208333015441895,20.349998474121094,13.866666793823242,1.9934693574905396,27
32,4,5.407382488250732,13.833333015441895,27.549999237060547,19.66666603088379,1.9915663003921509,34
35,8,1.2874720096588135,2.8499999046325684,5.675000190734863,4.366666793823242,1.9912282228469849,43
17,20,3.5566413402557373,9.158332824707031,18.233333587646484,13.699999809265137,1.990900993347168,38
17,8,2.4140100479125977,6.199999809265137,12.341667175292969,8.866666793823242,1.9905915260314941,43
28,24,1.770274043083191,5.133333206176758,10.216666221618652,7.733333110809326,1.9902596473693848,36
35,26,1.2874720096588135,3.383333444595337,6.733333110809326,4.650000095367432,1.9901477098464966,24
16,13,2.333543062210083,6.4666666984558105,12.850000381469727,10.783333778381348,1.9871134757995605,47
27,6,4.184284210205078,10.083333969116211,20.016666412353516,15.916666984558105,1.985123872756958,30
28,2,7.724832057952881,14.850000381469727,29.46666717529297,24.08333396911621,1.9842872619628906,32
18,47,2.88071870803833,5.25,10.416666984558105,6.766666889190674,1.9841270446777344,30
18,8,1.2391917705535889,3.0833332538604736,6.116666793823242,4.816666603088379,1.9837838411331177,39
15,11,7.081096172332764,17.208332061767578,34.108333587646484,26.71666717529297,1.982082486152649,24
2,32,5.632689952850342,13.883333206176758,27.516666412353516,20.91666603088379,1.9819928407669067,34
11,32,1.3840323686599731,4.616666793823242,9.149999618530273,7.050000190734863,1.9819493293762207,40
27,3,3.637108325958252,8.508333206176758,16.850000381469727,13.100000381469727,1.980411410331726,39
31,20,3.0738394260406494,8.300000190734863,16.433332443237305,11.733333587646484,1.9799195528030396,32
1,21,3.2508668899536133,7.366666793823242,14.574999809265137,12.333333015441895,1.9785066843032837,43
36,8,3.057745933532715,8.383333206176758,16.575000762939453,11.533333778381348,1.9771373271942139,32
12,37,1.6254334449768066,3.616666793823242,7.150000095367432,5.925000190734863,1.9769585132598877,41
40,10,1.9312080144882202,5.025000095367432,9.933332443237305,8.116666793823242,1.9767825603485107,36
38,11,1.2874720096588135,4.566666603088379,9.016666412353516,6.650000095367432,1.9744524955749512,37
3,8,3.8624160289764404,8.841667175292969,17.433332443237305,12.716666221618652,1.9717246294021606,45
15,34,3.8624160289764404,5.9666666984558105,11.758333206176758,9.083333015441895,1.9706703424453735,39
10,13,1.2874720096588135,3.358333110809326,6.616666793823242,5.833333492279053,1.9702235460281372,46
12,32,4.1360039710998535,9.683333396911621,19.066665649414062,14.858333587646484,1.969018816947937,32
18,12,5.310822010040283,11.916666030883789,23.441665649414062,16.899999618530273,1.9671329259872437,27
7,35,2.9772789478302,5.150000095367432,10.125,7.099999904632568,1.9660193920135498,37
24,21,1.2874720096588135,3.258333206176758,6.400000095367432,5.150000095367432,1.9641945362091064,42
14,20,6.743134498596191,16.108333587646484,31.633333206176758,20.741666793823242,1.9637868404388428,25
15,17,1.561059832572937,3.200000047683716,6.2833333015441895,5.050000190734863,1.9635416269302368,41
0,17,4.506152153015137,10.266666412353516,20.149999618530273,14.800000190734863,1.9626623392105103,37
26,1,5.841904163360596,10.916666030883789,21.41666603088379,16.983333587646484,1.9618321657180786,31
19,17,4.634899139404297,9.933333396911621,19.483333587646484,14.375,1.9614094495773315,30
9,33,3.2508668899536133,9.541666984558105,18.700000762939453,13.733333587646484,1.9598253965377808,33
32,9,2.3496363162994385,6.3416666984558105,12.416666984558105,9.25,1.9579501152038574,40
8,48,3.025559186935425,5.166666507720947,10.100000381469727,6.300000190734863,1.9548388719558716,43
23,21,5.310822010040283,11.266666412353516,22.016666412353516,16.46666717529297,1.9541419744491577,31
9,40,1.609339952468872,3.9750001430511475,7.766666889190674,6.366666793823242,1.953878402709961,46
7,18,2.4140100479125977,4.650000095367432,9.083333015441895,7.233333110809326,1.9534049034118652,42
27,7,4.506152153015137,11.983333587646484,23.399999618530273,16.96666717529297,1.952712059020996,28
2,30,8.690436363220215,14.483333587646484,28.233333587646484,21.549999237060547,1.9493670463562012,39
14,37,2.8968119621276855,9.241666793823242,18.008333206176758,11.850000381469727,1.948602318763733,29
3,15,1.4484059810638428,3.5166666507720947,6.849999904632568,5.800000190734863,1.9478672742843628,47
32,24,1.609339952468872,5.349999904632568,10.416666984558105,7.233333110809326,1.9470405578613281,39
8,15,3.4761743545532227,8.308333396911621,16.174999237060547,12.233333587646484,1.9468404054641724,40
34,36,2.784158229827881,5.616666793823242,10.916666984558105,9.133333206176758,1.943620204925537,29
15,8,3.540548086166382,8.783332824707031,17.066667556762695,11.966666221618652,1.9430742263793945,38
3,26,4.828020095825195,11.166666984558105,21.683332443237305,15.433333396911621,1.9417909383773804,34
18,29,1.9312080144882202,4.2833333015441895,8.316666603088379,6.150000095367432,1.9416342973709106,35
34,44,1.6898070573806763,3.700000047683716,7.183333396911621,5.316666603088379,1.9414414167404175,25
16,37,1.6576201915740967,3.4000000953674316,6.599999904632568,5.316666603088379,1.941176414489746,42
5,30,5.632689952850342,12.600000381469727,24.45833396911621,18.433332443237305,1.9411375522613525,37
2,24,5.4717559814453125,12.558333396911621,24.375,19.433332443237305,1.9409422874450684,36
16,32,1.7059004306793213,5.558333396911621,10.783333778381348,8.5,1.9400300979614258,44
27,8,3.218679904937744,7.983333587646484,15.483333587646484,11.966666221618652,1.9394571781158447,35
26,0,4.039443492889404,8.133333206176758,15.75,12.433333396911621,1.936475396156311,32
5,16,3.2669601440429688,8.5,16.450000762939453,12.883333206176758,1.9352941513061523,44
5,25,4.667086124420166,8.491666793823242,16.433332443237305,13.633333206176758,1.9352304935455322,39
3,35,5.214261531829834,11.133333206176758,21.516666412353516,14.449999809265137,1.932634711265564,27
11,20,6.598293781280518,13.899999618530273,26.858333587646484,19.16666603088379,1.9322543144226074,32
21,19,5.906277656555176,13.991666793823242,27.03333282470703,20.28333282470703,1.9321024417877197,27
2,29,5.310822010040283,11.116666793823242,21.46666717529297,14.433333396911621,1.9310345649719238,29
12,17,5.9545578956604,14.258333206176758,27.53333282470703,18.850000381469727,1.9310344457626343,26
11,40,1.9312080144882202,6.0833330154418945,11.733333587646484,8.516666412353516,1.9287673234939575,38
34,3,4.988954067230225,10.808333396911621,20.83333396911621,16.383333206176758,1.9275251626968384,32
2,12,1.7059004306793213,5.416666507720947,10.433333396911621,8.016666412353516,1.9261538982391357,48
21,9,2.6232242584228516,7.066666603088379,13.608333587646484,10.5,1.9257075786590576,41
5,14,1.3840323686599731,3.299999952316284,6.349999904632568,5.266666889190674,1.924242377281189,47
25,6,8.207633972167969,16.350000381469727,31.450000762939453,25.28333282470703,1.923547387123108,27
14,33,1.4484059810638428,3.683333396911621,7.083333492279053,4.949999809265137,1.9230769872665405,43
4,34,6.839694976806641,12.058333396911621,23.183332443237305,16.450000762939453,1.9225983619689941,30
28,4,6.598293781280518,12.466666221618652,23.96666717529297,19.316667556762695,1.9224599599838257,34
15,22,2.7358779907226562,6.933333396911621,13.325000762939453,9.75,1.9218751192092896,34
0,28,9.157144546508789,12.300000190734863,23.633333206176758,18.691665649414062,1.9214091300964355,39
2,36,3.540548086166382,8.75,16.808334350585938,12.433333396911621,1.9209524393081665,24
23,33,1.609339952468872,3.1500000953674316,6.050000190734863,4.583333492279053,1.9206348657608032,41
2,1,1.609339952468872,4.300000190734863,8.258333206176758,6.833333492279053,1.9205424785614014,48
5,32,4.184284210205078,11.0,21.116666793823242,16.483333587646484,1.9196969270706177,37
21,25,1.9473013877868652,4.366666793823242,8.366666793823242,6.683333396911621,1.9160305261611938,41
8,16,7.644364833831787,10.933333396911621,20.933332443237305,16.33333396911621,1.914634108543396,35
6,8,2.7358779907226562,5.891666412353516,11.274999618530273,9.016666412353516,1.9137200117111206,45
30,9,6.11549186706543,10.233333587646484,19.58333396911621,14.824999809265137,1.9136807918548584,35
32,0,4.988954067230225,11.616666793823242,22.225000381469727,18.299999237060547,1.9131994247436523,35
8,39,1.8990211486816406,5.316666603088379,10.166666984558105,7.016666889190674,1.9122258424758911,31
31,22,2.2530760765075684,5.766666889190674,11.024999618530273,7.900000095367432,1.9118496179580688,29
20,22,1.3840323686599731,3.8416666984558105,7.3416666984558105,6.016666889190674,1.9110629558563232,35
5,38,4.763646602630615,12.050000190734863,23.016666412353516,17.433332443237305,1.9100967645645142,31
0,27,5.7453436851501465,12.333333015441895,23.516666412353516,17.433332443237305,1.9067567586898804,25
35,18,1.1265380382537842,3.174999952316284,6.050000190734863,4.7833333015441895,1.9055118560791016,34
2,9,2.8968119621276855,7.133333206176758,13.591667175292969,11.016666412353516,1.9053739309310913,44
8,47,3.8624160289764404,6.516666889190674,12.416666984558105,8.266666412353516,1.905370831489563,40
22,20,1.351845622062683,4.2916669845581055,8.175000190734863,6.666666507720947,1.9048542976379395,36
20,18,2.542757272720337,5.633333206176758,10.716666221618652,8.416666984558105,1.9023668766021729,40
2,34,6.469546794891357,12.033333778381348,22.891666412353516,17.100000381469727,1.9023544788360596,26
4,36,3.8946027755737305,9.5,18.066667556762695,12.949999809265137,1.9017544984817505,27
28,6,10.074468612670898,16.816667556762695,31.974998474121094,25.766666412353516,1.901387333869934,28
22,29,3.218679904937744,6.7166666984558105,12.766666412353516,8.899999618530273,1.9007443189620972,25
32,16,1.593246579170227,4.5,8.541666984558105,7.099999904632568,1.8981481790542603,41
1,16,2.8968119621276855,7.0333333015441895,13.316666603088379,10.866666793823242,1.8933649063110352,43
37,5,2.02776837348938,7.25,13.716667175292969,11.116666793823242,1.8919540643692017,37
17,14,5.9545578956604,11.533333778381348,21.808334350585938,17.5,1.890895962715149,33
11,51,4.634899139404297,8.516666412353516,16.09166717529297,12.800000190734863,1.8894325494766235,31
8,13,7.869672775268555,17.33333396911621,32.708335876464844,25.399999618530273,1.8870192766189575,29
30,10,4.184284210205078,11.333333015441895,21.375,16.116666793823242,1.8860294818878174,31
28,3,8.400754928588867,16.875,31.825000762939453,25.633333206176758,1.8859260082244873,30
23,13,3.8624160289764404,9.016666412353516,16.991666793823242,12.516666412353516,1.8844733238220215,38
13,32,2.88071870803833,9.050000190734863,17.049999237060547,12.475000381469727,1.8839777708053589,40
12,26,4.538338661193848,9.433333396911621,17.766666412353516,12.083333015441895,1.8833922147750854,31
4,27,5.455662727355957,10.950000762939453,20.616666793823242,14.316666603088379,1.8828004598617554,32
21,13,1.4484059810638428,3.549999952316284,6.683333396911621,5.400000095367432,1.882629156112671,45
13,16,2.2530760765075684,7.366666793823242,13.866666793823242,11.016666412353516,1.8823529481887817,45
6,26,3.7175753116607666,8.566666603088379,16.125,12.016666412353516,1.8822957277297974,35
39,3,3.218679904937744,7.900000095367432,14.866666793823242,11.783333778381348,1.8818565607070923,26
0,32,5.4717559814453125,12.658332824707031,23.816665649414062,19.78333282470703,1.8815009593963623,33
1,12,1.1748181581497192,3.9083333015441895,7.349999904632568,5.666666507720947,1.8805969953536987,48
20,9,5.149888038635254,9.174999237060547,17.25,13.783333778381348,1.880109190940857,37
25,4,5.568316459655762,10.808333396911621,20.316667556762695,15.783333778381348,1.8797224760055542,33
28,0,9.334172248840332,13.5,25.366666793823242,19.691665649414062,1.8790123462677002,30
31,23,2.3496363162994385,6.983333110809326,13.116666793823242,10.083333015441895,1.8782817125320435,25
14,18,7.917953014373779,17.683332443237305,33.20000076293945,22.649999618530273,1.8774741888046265,26
18,19,3.701482057571411,10.024999618530273,18.816667556762695,14.516666412353516,1.87697434425354,30
1,31,4.506152153015137,12.183333396911621,22.850000381469727,16.100000381469727,1.8755130767822266,25
15,9,5.769484043121338,15.766666412353516,29.549999237060547,20.84166717529297,1.8742071390151978,31
3,18,4.345218181610107,9.216667175292969,17.266666412353516,13.333333015441895,1.873417615890503,43
6,15,1.8346476554870605,5.0,9.366666793823242,7.916666507720947,1.8733333349227905,42
6,28,10.13884162902832,17.691667556762695,33.10832977294922,25.28333282470703,1.8714081048965454,31
16,28,5.4717559814453125,9.241666793823242,17.28333282470703,11.850000381469727,1.8701531887054443,41
10,21,1.9151146411895752,4.741666793823242,8.866666793823242,7.699999809265137,1.8699471950531006,43
40,5,3.3796141147613525,8.991666793823242,16.808332443237305,13.191666603088379,1.8693233728408813,27
4,26,6.405173301696777,15.283333778381348,28.566667556762695,20.850000381469727,1.869138479232788,29
18,42,1.609339952468872,2.9250001907348633,5.4666666984558105,4.0,1.8689457178115845,35
7,29,4.506152153015137,9.149999618530273,17.100000381469727,12.933333396911621,1.8688526153564453,29
8,23,5.149888038635254,12.600000381469727,23.53333282470703,18.133333206176758,1.8677247762680054,33
15,26,4.457871913909912,11.25,21.0,14.875,1.8666666746139526,30
9,21,2.5910375118255615,7.208333492279053,13.449999809265137,10.933333396911621,1.8658958673477173,43
2,28,8.207633972167969,14.375,26.816667556762695,22.316667556762695,1.8655073642730713,43
22,23,4.1360039710998535,11.641666412353516,21.708332061767578,16.899999618530273,1.8647099733352661,25
4,45,1.609339952468872,5.766666889190674,10.75,7.016666889190674,1.864161729812622,28
14,11,3.025559186935425,8.399999618530273,15.658332824707031,12.983333587646484,1.8640873432159424,43
34,15,3.701482057571411,8.316667556762695,15.5,12.133333206176758,1.8637272119522095,35
4,28,7.032815933227539,14.0,26.066667556762695,20.850000381469727,1.8619048595428467,37
14,32,4.05553674697876,11.850000381469727,22.058334350585938,16.516666412353516,1.8614627122879028,35
7,14,5.4717559814453125,15.058333396911621,28.0,22.03333282470703,1.8594355583190918,34
17,23,3.299146890640259,7.516666889190674,13.966666221618652,11.141666412353516,1.858093023300171,36
36,6,2.7278313636779785,7.599999904632568,14.116666793823242,11.975000381469727,1.8574562072753906,29
38,16,1.1265380382537842,3.5,6.5,5.383333206176758,1.8571428060531616,39
11,15,7.258123397827148,16.75,31.08333396911621,22.78333282470703,1.8557214736938477,29
13,40,2.8002514839172363,9.033333778381348,16.75,12.550000190734863,1.8542433977127075,25
22,17,2.092142105102539,5.024999618530273,9.316666603088379,6.883333206176758,1.8540631532669067,36
24,12,5.4717559814453125,11.875,22.0,16.950000762939453,1.8526315689086914,31
32,11,1.2230983972549438,4.166666507720947,7.7166666984558105,5.9666666984558105,1.852000117301941,43
26,12,4.650992393493652,7.800000190734863,14.433333396911621,10.366666793823242,1.850427269935608,26
28,5,5.793623924255371,11.350000381469727,21.0,17.399999618530273,1.8502202033996582,31
16,21,2.0438618659973145,6.300000190734863,11.649999618530273,9.699999809265137,1.8492062091827393,46
2,11,4.296937942504883,10.625,19.625,16.600000381469727,1.8470587730407715,39
40,16,1.0943511724472046,3.299999952316284,6.083333492279053,4.483333110809326,1.843434453010559,34
3,34,5.0211405754089355,9.041666030883789,16.66666603088379,12.883333206176758,1.843317985534668,42
22,8,1.0782577991485596,2.866666555404663,5.2833333015441895,4.349999904632568,1.8430233001708984,41
6,35,4.071630001068115,9.125,16.808334350585938,11.350000381469727,1.84200918674469,27
26,17,3.057745933532715,8.608333587646484,15.850000381469727,11.199999809265137,1.841239094734192,32
26,22,1.8668344020843506,5.216666221618652,9.600000381469727,7.766666889190674,1.840255856513977,32
12,21,4.184284210205078,10.533333778381348,19.383333206176758,15.933333396911621,1.840189814567566,35
2,37,3.2830536365509033,9.5,17.475000381469727,12.408332824707031,1.8394737243652344,29
1,9,1.4484059810638428,3.633333444595337,6.683333396911621,5.7166666984558105,1.8394495248794556,48
29,27,0.9816973805427551,2.683333396911621,4.933333396911621,3.816666603088379,1.8385093212127686,36
32,1,3.8624160289764404,10.383333206176758,19.049999237060547,14.850000381469727,1.834670901298523,39
29,15,2.8324384689331055,6.241666793823242,11.449999809265137,8.333333015441895,1.834445834159851,34
10,32,2.7358779907226562,8.0,14.649999618530273,12.25,1.8312499523162842,38
19,21,5.793623924255371,14.108333587646484,25.83333396911621,20.575000762939453,1.8310691118240356,27
26,8,1.1265380382537842,2.950000047683716,5.400000095367432,4.433333396911621,1.8305084705352783,40
28,1,7.724832057952881,12.949999809265137,23.700000762939453,19.816667556762695,1.8301159143447876,30
6,31,2.02776837348938,4.900000095367432,8.966666221618652,7.416666507720947,1.8299318552017212,37
33,14,1.4484059810638428,4.0,7.316666603088379,5.699999809265137,1.8291666507720947,40
33,10,2.7358779907226562,8.408332824707031,15.375,10.816666603088379,1.8285431861877441,30
29,3,3.8624160289764404,8.383333206176758,15.325000762939453,11.800000190734863,1.8280318975448608,38
23,27,4.023349761962891,6.9666666984558105,12.733333587646484,9.225000381469727,1.8277512788772583,30
34,17,2.4140100479125977,5.150000095367432,9.383333206176758,7.583333492279053,1.8220064640045166,39
33,13,2.4140100479125977,6.441666603088379,11.733333587646484,8.949999809265137,1.8214747905731201,36
32,14,4.023349761962891,10.600000381469727,19.299999237060547,14.699999809265137,1.8207545280456543,29
4,30,7.853579044342041,15.324999809265137,27.899999618530273,22.066667556762695,1.8205546140670776,32
25,23,6.276425838470459,13.0,23.65833282470703,17.174999237060547,1.8198717832565308,27
5,40,3.3796141147613525,9.916666984558105,18.03333282470703,13.283333778381348,1.818487286567688,30
10,25,3.669295310974121,7.766666889190674,14.116666793823242,12.300000190734863,1.8175965547561646,40
17,27,1.2230983972549438,2.4666666984558105,4.483333110809326,3.799999952316284,1.8175674676895142,43
37,9,1.2713786363601685,3.7166666984558105,6.75,5.183333396911621,1.81614351272583,36
1,32,3.910696268081665,10.649999618530273,19.333332061767578,15.800000190734863,1.8153364658355713,39
40,11,1.9312080144882202,6.166666507720947,11.191666603088379,8.699999809265137,1.8148648738861084,33
8,14,7.563898086547852,17.058334350585938,30.899999618530273,24.649999618530273,1.8114312887191772,32
1,25,5.632689952850342,11.116666793823242,20.125,17.399999618530273,1.8103448152542114,38
11,22,6.598293781280518,16.950000762939453,30.66666603088379,23.21666717529297,1.8092427253723145,29
3,25,7.563898086547852,14.683333396911621,26.549999237060547,21.850000381469727,1.8081724643707275,39
12,13,3.701482057571411,9.550000190734863,17.266666412353516,14.533333778381348,1.8080278635025024,37
1,30,7.081096172332764,11.875,21.46666717529297,15.966666221618652,1.807719349861145,41
22,35,2.124328851699829,5.233333110809326,9.441666603088379,6.883333206176758,1.8041402101516724,24
11,49,4.715366363525391,8.916666984558105,16.08333396911621,13.283333778381348,1.8037383556365967,25
0,31,3.331333875656128,9.291666030883789,16.75,12.350000381469727,1.8026907444000244,35
12,30,7.097189426422119,10.100000381469727,18.200000762939453,13.166666984558105,1.8019802570343018,29
6,27,4.329124450683594,9.925000190734863,17.883333206176758,13.316666603088379,1.8018471002578735,31
17,34,2.4140100479125977,4.0333333015441895,7.266666889190674,5.9666666984558105,1.8016529083251953,42
9,30,5.7453436851501465,10.633333206176758,19.149999618530273,13.800000190734863,1.8009403944015503,39
20,16,6.437359809875488,10.866666793823242,19.566667556762695,14.183333396911621,1.800613522529602,31
14,16,3.3796141147613525,10.641666412353516,19.15833282470703,14.333333015441895,1.8003132343292236,40
13,30,4.039443492889404,9.908332824707031,17.825000762939453,12.800000190734863,1.7989909648895264,41
24,16,2.8968119621276855,8.766666412353516,15.758333206176758,12.225000381469727,1.7975285053253174,41
7,22,1.2874720096588135,3.1999998092651367,5.75,4.616666793823242,1.7968751192092896,39
34,18,3.2508668899536133,8.133333206176758,14.591667175292969,11.100000381469727,1.7940574884414673,29
7,17,3.3796141147613525,8.183333396911621,14.666666984558105,11.116666793823242,1.792260766029358,36
9,13,2.092142105102539,6.0,10.75,9.383333206176758,1.7916666269302368,45
18,35,1.0943511724472046,3.383333444595337,6.058333396911621,4.433333396911621,1.7906403541564941,36
22,11,6.8075079917907715,18.458332061767578,33.025001525878906,25.66666603088379,1.7891650199890137,27
18,46,1.2874720096588135,3.383333444595337,6.050000190734863,4.550000190734863,1.7881773710250854,25
24,13,2.397916555404663,5.25,9.383333206176758,7.550000190734863,1.7873015403747559,42
32,3,6.614387512207031,16.78333282470703,29.974998474121094,23.41666603088379,1.785997986793518,24
15,29,2.9611856937408447,5.483333110809326,9.791666984558105,7.75,1.7857143878936768,37
14,28,4.908486843109131,10.883333206176758,19.433332443237305,13.483333587646484,1.7856048345565796,42
20,17,3.5566413402557373,9.083333015441895,16.21666717529297,12.316666603088379,1.7853212356567383,35
17,13,7.225936412811279,15.549999237060547,27.758333206176758,20.950000762939453,1.7851018905639648,28
19,22,2.430103302001953,6.5416669845581055,11.675000190734863,9.216666221618652,1.7847132682800293,32
17,26,3.218679904937744,9.416666030883789,16.799999237060547,11.566666603088379,1.7840708494186401,35
14,13,1.4484059810638428,3.8583333492279053,6.883333206176758,5.800000190734863,1.7840172052383423,45
23,11,5.793623924255371,15.25,27.149999618530273,20.683332443237305,1.7803277969360352,33
30,12,7.225936412811279,9.850000381469727,17.516666412353516,13.116666793823242,1.7783416509628296,30
18,17,2.397916555404663,6.0,10.666666984558105,7.883333206176758,1.7777777910232544,34
11,37,2.53471040725708,7.0,12.433333396911621,9.5,1.7761905193328857,37
8,35,1.4484059810638428,3.008333206176758,5.3416666984558105,3.8499999046325684,1.7756233215332031,48
11,25,2.7358779907226562,6.725000381469727,11.933333396911621,10.041666984558105,1.7744733095169067,42
30,16,4.667086124420166,8.683333396911621,15.408332824707031,11.649999618530273,1.7744721174240112,37
38,21,2.092142105102539,7.0,12.416666984558105,9.449999809265137,1.773809552192688,28
44,34,1.3035653829574585,2.866666555404663,5.083333492279053,4.083333492279053,1.7732559442520142,31
14,21,2.574944019317627,6.4666666984558105,11.466666221618652,9.816666603088379,1.773195743560791,45
0,38,5.857997417449951,10.875,19.28333282470703,15.266666412353516,1.7731800079345703,25
10,33,2.848531723022461,7.733333110809326,13.699999809265137,10.833333015441895,1.7715517282485962,35
1,37,1.6576201915740967,4.516666412353516,8.0,7.0,1.7712178230285645,44
12,24,5.4717559814453125,11.166666984558105,19.775001525878906,16.91666603088379,1.7708956003189087,28
25,10,3.7980422973632812,8.783333778381348,15.550000190734863,13.216666221618652,1.7703983783721924,34
1,13,2.5910375118255615,6.733333110809326,11.916666984558105,9.966666221618652,1.7698020935058594,44
25,1,5.9545578956604,12.558332443237305,22.21666717529297,18.733333587646484,1.7690777778625488,30
15,41,4.586618900299072,8.566666603088379,15.133333206176758,11.699999809265137,1.7665369510650635,27
26,15,4.345218181610107,11.199999809265137,19.78333282470703,15.616666793823242,1.7663689851760864,28
17,18,2.574944019317627,6.5,11.466666221618652,8.666666984558105,1.7641024589538574,39
15,31,1.1265380382537842,2.9666666984558105,5.233333110809326,4.300000190734863,1.7640448808670044,34
3,27,3.7175753116607666,7.650000095367432,13.491666793823242,10.800000190734863,1.7636165618896484,44
32,13,2.8646252155303955,8.016666412353516,14.133333206176758,11.050000190734863,1.7629938125610352,36
20,31,2.8968119621276855,8.266666412353516,14.550000190734863,11.133333206176758,1.7600806951522827,26
1,38,4.345218181610107,10.633333206176758,18.700000762939453,15.133333206176758,1.7586207389831543,31
8,18,1.2874720096588135,3.008333206176758,5.2833333015441895,4.183333396911621,1.756232738494873,47
13,25,2.7358779907226562,5.433333396911621,9.533333778381348,8.100000381469727,1.754601240158081,46
8,29,3.1382129192352295,7.800000190734863,13.683333396911621,9.633333206176758,1.7542734146118164,35
30,28,1.1426314115524292,3.4083333015441895,5.974999904632568,5.2166666984558105,1.7530561685562134,36
16,30,4.667086124420166,9.116666793823242,15.975000381469727,11.683333396911621,1.7522852420806885,43
2,25,6.920162200927734,13.241666793823242,23.191665649414062,20.41666603088379,1.7514158487319946,37
15,18,3.942883014678955,9.433333396911621,16.5,12.283333778381348,1.7491165399551392,36
38,9,2.220889091491699,6.766666889190674,11.833333015441895,8.75,1.7487683296203613,36
32,25,2.269169330596924,7.583333492279053,13.25,9.883333206176758,1.7472527027130127,35
8,27,3.218679904937744,8.866666793823242,15.483333587646484,10.975000381469727,1.7462406158447266,37
27,36,1.4484059810638428,3.308333396911621,5.766666412353516,5.083333492279053,1.7430729866027832,33
21,38,2.2530760765075684,8.408332824707031,14.649999618530273,11.283333778381348,1.7423192262649536,31
20,10,6.228145599365234,12.958333969116211,22.549999237060547,19.28333282470703,1.7401927709579468,30
9,25,4.763646602630615,10.991666793823242,19.116666793823242,15.600000381469727,1.7391963005065918,38
18,15,3.733668804168701,9.258333206176758,16.08333396911621,12.666666984558105,1.7371737957000732,33
3,29,4.023349761962891,8.433333396911621,14.649999618530273,10.833333015441895,1.7371541261672974,42
27,34,1.4484059810638428,3.2333333492279053,5.616666793823242,4.308333396911621,1.7371134757995605,45
7,27,4.570525646209717,10.875,18.866666793823242,14.433333396911621,1.7348659038543701,32
36,23,2.574944019317627,8.108333587646484,14.050000190734863,10.350000381469727,1.7327852249145508,26
18,9,6.582200527191162,15.783332824707031,27.33333396911621,20.816667556762695,1.731784701347351,26
22,9,5.00504732131958,14.683333396911621,25.41666603088379,19.516666412353516,1.7309874296188354,27
17,35,3.395707368850708,9.375,16.200000762939453,10.733333587646484,1.7280000448226929,29
3,45,2.188702344894409,7.2833333015441895,12.583333015441895,9.333333015441895,1.7276887893676758,28
21,32,1.6576201915740967,6.275000095367432,10.833333015441895,8.616666793823242,1.7264275550842285,40
12,38,4.546385765075684,9.441666603088379,16.299999237060547,11.933333396911621,1.72639000415802,29
25,5,4.988954067230225,9.649999618530273,16.65833282470703,14.083333015441895,1.7262521982192993,35
29,34,1.3196587562561035,2.8916666507720947,4.991666793823242,4.25,1.7262247800827026,39
26,18,1.5127795934677124,4.5,7.766666889190674,6.2833333015441895,1.7259259223937988,35
8,42,2.3496363162994385,4.108333587646484,7.074999809265137,5.199999809265137,1.7221094369888306,44
41,17,3.0416526794433594,6.416666507720947,11.050000190734863,8.366666793823242,1.7220779657363892,28
11,21,1.2552851438522339,4.108333587646484,7.066666603088379,5.616666793823242,1.7200809717178345,45
27,22,3.154306411743164,8.683333396911621,14.933333396911621,11.449999809265137,1.7197697162628174,26
6,25,8.593875885009766,17.96666717529297,30.866666793823242,26.549999237060547,1.7179962396621704,30
8,46,2.2450294494628906,5.258333206176758,9.033333778381348,7.183333396911621,1.717908263206482,27
18,31,3.057745933532715,7.599999904632568,13.050000190734863,9.683333396911621,1.7171052694320679,30
31,8,2.8968119621276855,8.058333396911621,13.833333015441895,9.833333015441895,1.7166494131088257,35
23,25,6.276425838470459,11.550000190734863,19.816667556762695,15.841667175292969,1.715728759765625,25
22,31,2.1082353591918945,5.2083330154418945,8.933333396911621,7.099999904632568,1.7152000665664673,29
22,26,1.8990211486816406,5.491666793823242,9.399999618530273,7.383333206176758,1.711684226989746,34
31,18,3.218679904937744,7.775000095367432,13.291666984558105,10.083333015441895,1.7095391750335693,31
32,30,1.9633947610855103,5.766666412353516,9.833333015441895,7.516666889190674,1.705202341079712,37
17,10,7.161562919616699,17.583332061767578,29.941665649414062,23.46666717529297,1.7028436660766602,30
27,17,1.2391917705535889,3.0333333015441895,5.1583333015441895,4.4583330154418945,1.7005494832992554,39
3,31,1.609339952468872,4.116666793823242,7.0,5.699999809265137,1.7004047632217407,41
8,31,2.8324384689331055,6.891666412353516,11.716666221618652,9.233333587646484,1.7001209259033203,35
35,22,2.0760486125946045,5.7833333015441895,9.816666603088379,7.583333492279053,1.69740629196167,24
2,45,1.8829277753829956,6.625,11.241666793823242,9.233333587646484,1.6968553066253662,31
13,38,3.2508668899536133,11.216666221618652,19.016666412353516,15.033333778381348,1.6953938007354736,26
17,39,1.2874720096588135,3.2333333492279053,5.474999904632568,4.416666507720947,1.6932989358901978,31
10,40,2.092142105102539,6.741666793823242,11.383333206176758,9.550000190734863,1.6885042190551758,40
27,29,0.9816973805427551,2.700000047683716,4.558333396911621,3.5999999046325684,1.6882716417312622,41
21,16,2.092142105102539,7.116666793823242,12.008333206176758,10.0,1.6873536109924316,42
32,12,3.8624160289764404,9.841667175292969,16.575000762939453,13.425000190734863,1.6841659545898438,33
32,10,2.574944019317627,7.433333396911621,12.516666412353516,10.233333587646484,1.68385648727417,38
37,16,1.9312080144882202,5.2166666984558105,8.783333778381348,6.824999809265137,1.6837061643600464,34
6,29,4.369358062744141,9.725000381469727,16.34166717529297,12.483333587646484,1.6803770065307617,30
10,37,1.9633947610855103,6.300000190734863,10.566667556762695,8.533333778381348,1.6772487163543701,39
16,14,3.4439876079559326,9.875,16.541667938232422,13.883333206176758,1.6751055717468262,43
28,9,6.968441963195801,12.516666412353516,20.91666603088379,16.600000381469727,1.671105146408081,31
41,29,1.609339952468872,4.199999809265137,7.016666889190674,5.25,1.6706351041793823,25
29,41,1.9312080144882202,4.066666603088379,6.7916669845581055,5.949999809265137,1.6700820922851562,34
15,36,1.1265380382537842,2.7333333492279053,4.558333396911621,4.1583333015441895,1.6676828861236572,36
16,25,4.184284210205078,10.958333969116211,18.258333206176758,13.649999618530273,1.6661596298217773,40
36,15,1.0943511724472046,3.316666603088379,5.516666889190674,4.733333110809326,1.6633167266845703,35
18,36,3.218679904937744,8.75,14.550000190734863,11.050000190734863,1.662857174873352,24
35,19,3.701482057571411,8.841667175292969,14.699999809265137,11.533333778381348,1.6625823974609375,26
11,13,1.9312080144882202,5.641666412353516,9.350000381469727,8.116666793823242,1.6573117971420288,45
17,29,1.6415268182754517,3.2916665077209473,5.449999809265137,4.433333396911621,1.6556962728500366,43
35,17,3.218679904937744,8.791666984558105,14.549999237060547,11.016666412353516,1.6549761295318604,27
30,32,1.770274043083191,5.741666793823242,9.466666221618652,7.75,1.6487661600112915,35
25,32,2.4140100479125977,8.383333206176758,13.783333778381348,10.883333206176758,1.6441352367401123,30
17,41,3.218679904937744,6.433333396911621,10.558333396911621,8.300000190734863,1.6411917209625244,35
29,31,2.236982583999634,4.6583333015441895,7.641666412353516,5.866666793823242,1.6404292583465576,29
1,40,2.8968119621276855,8.041666984558105,13.191666603088379,10.716666221618652,1.6404144763946533,35
3,36,2.269169330596924,5.9166669845581055,9.683333396911621,8.183333396911621,1.6366196870803833,38
22,14,6.324706077575684,18.383333206176758,30.016666412353516,24.883333206176758,1.6328195333480835,24
27,15,2.4140100479125977,6.116666793823242,9.983333587646484,8.649999618530273,1.6321525573730469,38
15,39,2.4944770336151123,6.266666412353516,10.225000381469727,7.916666507720947,1.6316490173339844,31
22,27,3.218679904937744,8.566667556762695,13.966667175292969,10.383333206176758,1.630350112915039,26
26,19,3.089932918548584,6.883333206176758,11.216666221618652,8.800000190734863,1.629539966583252,31
8,37,5.680970191955566,9.75,15.850000381469727,12.133333206176758,1.625641107559204,25
27,41,2.4140100479125977,5.324999809265137,8.649999618530273,7.300000190734863,1.6244131326675415,38
25,11,2.8968119621276855,8.75,14.133333206176758,12.416666984558105,1.615238070487976,35
21,14,2.639317512512207,6.0333333015441895,9.733333587646484,8.766666412353516,1.6132596731185913,44
35,42,1.4805928468704224,3.3583333492279053,5.416666507720947,4.366666793823242,1.612903118133545,32
7,36,3.3796141147613525,9.883333206176758,15.866666793823242,12.733333587646484,1.6053962707519531,26
6,36,2.816344976425171,8.283333778381348,13.266666412353516,10.966666221618652,1.6016095876693726,29
13,33,2.4944770336151123,6.449999809265137,10.316666603088379,7.933333396911621,1.5994832515716553,40
25,14,3.765855550765991,6.75,10.791666984558105,9.649999618530273,1.59876549243927,36
32,38,1.2552851438522339,4.583333492279053,7.316666603088379,5.916666507720947,1.5963635444641113,26
7,31,2.156515598297119,6.425000190734863,10.25,8.550000190734863,1.5953307151794434,33
31,27,2.301356315612793,5.449999809265137,8.666666984558105,6.983333110809326,1.5902141332626343,28
28,16,5.632689952850342,9.866666793823242,15.683333396911621,13.75,1.5895270109176636,34
21,33,3.8624160289764404,9.658332824707031,15.300000190734863,11.649999618530273,1.5841243267059326,25
17,9,7.242030143737793,20.125,31.850000381469727,23.45833396911621,1.582608699798584,28
3,41,5.4717559814453125,12.216666221618652,19.316667556762695,14.233333587646484,1.5811734199523926,31
24,38,2.397916555404663,7.916666507720947,12.5,9.925000190734863,1.5789474248886108,30
38,40,1.4484059810638428,4.766666412353516,7.516666889190674,6.050000190734863,1.5769232511520386,24
32,28,2.7358779907226562,8.100000381469727,12.75,9.983333587646484,1.5740740299224854,35
36,34,2.9933724403381348,6.933333396911621,10.899999618530273,8.324999809265137,1.5721153020858765,27
28,10,4.506152153015137,11.800000190734863,18.483333587646484,15.649999618530273,1.566384196281433,28
8,34,4.570525646209717,10.725000381469727,16.78333282470703,13.366666793823242,1.5648794174194336,32
30,25,2.092142105102539,6.566666603088379,10.266666412353516,8.316666603088379,1.5634517669677734,33
27,23,4.345218181610107,10.408333778381348,16.21666717529297,12.216666221618652,1.5580464601516724,25
14,24,3.701482057571411,9.716667175292969,15.133333206176758,12.583333015441895,1.5574612617492676,41
8,36,3.057745933532715,8.958333015441895,13.949999809265137,10.883333206176758,1.5572093725204468,32
16,40,1.1265380382537842,3.2249999046325684,5.016666889190674,4.349999904632568,1.5555557012557983,43
10,38,3.1060261726379395,11.425000190734863,17.766666412353516,14.066666603088379,1.5550692081451416,32
20,11,7.917953014373779,15.700000762939453,24.34166717529297,19.233333587646484,1.550424575805664,27
3,39,3.057745933532715,7.9666666984558105,12.333333015441895,9.616666793823242,1.5481171607971191,30
39,17,1.2874720096588135,3.6500000953674316,5.633333206176758,4.349999904632568,1.5433789491653442,29
37,11,2.574944019317627,8.233333587646484,12.683333396911621,10.683333396911621,1.5404857397079468,26
28,32,2.6232242584228516,8.983333587646484,13.833333015441895,11.266666412353516,1.539888620376587,30
39,15,2.4140100479125977,6.4666666984558105,9.916666984558105,8.283333778381348,1.5335052013397217,27
18,34,3.4439876079559326,8.174999237060547,12.516666412353516,10.316666603088379,1.5310908555984497,31
28,11,3.540548086166382,11.491666793823242,17.541667938232422,14.300000190734863,1.5264685153961182,32
25,30,2.2530760765075684,6.633333206176758,10.108333587646484,8.0,1.5238693952560425,35
25,9,5.584409713745117,13.391666412353516,20.233333587646484,16.91666603088379,1.5108898878097534,29
24,14,3.701482057571411,8.433333396911621,12.733333587646484,11.100000381469727,1.5098814964294434,38
14,25,3.8624160289764404,8.208333969116211,12.149999618530273,10.399999618530273,1.4802029132843018,42
36,31,0.9656040072441101,3.7833333015441895,5.566666603088379,4.699999809265137,1.4713656902313232,28
22,36,2.574944019317627,7.5333333015441895,11.083333969116211,9.149999618530273,1.4712389707565308,24
14,30,5.632689952850342,13.074999809265137,19.233333587646484,15.416666984558105,1.4710006713867188,39
41,34,1.2070050239562988,3.5999999046325684,5.2916669845581055,4.5333333015441895,1.469907522201538,28
25,13,2.784158229827881,6.4083333015441895,9.391666412353516,8.399999618530273,1.465539574623108,36
28,13,3.8624160289764404,9.716666221618652,14.233333587646484,11.716666221618652,1.4648371934890747,34
11,14,3.0738394260406494,9.433333396911621,13.816666603088379,11.783333778381348,1.464664340019226,42
29,36,2.1404221057891846,6.266666889190674,9.175000190734863,7.183333396911621,1.4640957117080688,27
29,43,2.8968119621276855,7.816666603088379,11.425000190734863,9.266666412353516,1.4616204500198364,29
36,17,1.0621644258499146,3.0833332538604736,4.5,3.9666666984558105,1.4594595432281494,33
30,13,4.184284210205078,11.449999809265137,16.66666603088379,13.766666412353516,1.455604076385498,33
27,31,2.2852628231048584,6.724999904632568,9.633333206176758,7.866666793823242,1.43246591091156,27
25,16,5.632689952850342,11.916666030883789,17.0,14.766666412353516,1.4265735149383545,30
11,33,4.345218181610107,12.666666984558105,17.983333587646484,14.866666793823242,1.4197368621826172,27
30,14,5.632689952850342,13.416666984558105,18.983333587646484,15.75,1.4149068593978882,33
31,29,2.574944019317627,6.275000095367432,8.816666603088379,7.133333206176758,1.4050464630126953,27
28,14,4.828020095825195,10.683333396911621,14.975000381469727,13.100000381469727,1.4017161130905151,34
36,29,2.2530760765075684,5.7166666984558105,8.0,6.7833333015441895,1.3994169235229492,29
36,27,1.577153205871582,4.199999809265137,5.666666507720947,5.066666603088379,1.3492063283920288,36
