method,total_utility,n_assigned,service_rate,mean_utility,min_utility,max_utility,fairness_total_var,fairness_normalised,gini_total,rate_mean,rate_min,rate_max,rate_var,rate_var_within,rate_var_between,rate_normalised,gini_rate,rate_full_time,rate_part_time,rate_group_ratio,util_mean,util_min,util_max,util_var,util_var_within,util_var_between,util_normalised,gini_util,util_full_time,util_part_time,util_adj_var,util_adj_min,util_adj_max,n_drivers,n_idle_drivers,hours_total,lambda_within,lambda_between,lambda_util,parity_error
A: lam_between=0.25,11010.535707890987,4847,0.746611213801602,55.05267853945494,0.0,169.42569822072983,2338.7914792479874,0.8784505061996258,0.46783882353347306,1.8201498621957801,0.0,3.569909504055977,0.47217506702755613,0.2716048208015388,0.20057024622601755,0.37752383685972696,0.20895295114263776,2.392204222559261,1.4695358993923568,0.6143020255269835,0.30692035844449306,0.0,0.5055555555555555,0.007529217651467395,0.007203326623798897,0.0003258910276684987,0.28271524586296215,0.15440494535924162,0.32997934671111445,0.2927874301520477,0.10453442254429984,0.0,1.9900611015445722,200,1,5260.0,1.0,0.25,0.25,0.38569797447301646
A: lam_between=0.5,10971.338065207005,4802,0.7396796056685151,54.85669032603502,0.0,164.05652517080307,2078.9080192549714,0.8311665091431465,0.4465630683626399,1.8743475402468288,0.0,3.4320177264980503,0.398797876083167,0.2795957340509737,0.1192021420321935,0.33691961654051217,0.18690020301465746,2.3153551426993797,1.604052558098491,0.6927889931513446,0.309965417152094,0.0,0.48214285714285715,0.006462192173356114,0.006347427494966822,0.00011476467838929447,0.2593442909831874,0.14208134890012675,0.3236492628528274,0.30157854398067674,0.09968766278430588,0.0,2.25406163321718,200,1,5260.0,1.0,0.5,0.25,0.30721100684865543
A: lam_between=1.0,10953.684803366661,4865,0.7493838570548367,54.76842401683331,0.0,182.439351439476,1950.9441607941653,0.8064773516244973,0.43395568747697383,1.9215872858539629,0.0,3.5231604411684234,0.3820092099158283,0.31347523192253757,0.06853397799329074,0.32164499669961816,0.18009332231806127,2.2559801620838007,1.7166368133259973,0.7609272644225632,0.3141207432412909,0.0,0.47549019607843135,0.007514063226858895,0.0074287755447065154,8.528768215237794e-05,0.27595661316749204,0.15435911401640973,0.32591708109122003,0.3068907297203667,0.12209681568841159,0.0,2.627008228787735,200,1,5260.0,1.0,1.0,0.25,0.2390727355774368
A: lam_between=2.0,10970.706430912018,4841,0.7456869993838571,54.85353215456009,0.24676644802093506,173.1025754213333,1797.8652833283745,0.7729901770233022,0.41743525366040934,1.9706582233008791,0.012338322401046754,3.2778912612370084,0.3388989112666333,0.30898717874237924,0.029911732524253967,0.29540903700805904,0.16612284746889347,2.1915730328223053,1.835258823916779,0.8374162286316029,0.31720773736707053,0.008333333333333333,0.625,0.007348009626494287,0.007344004277051027,4.005349443258145e-06,0.270234682258802,0.15053671081070005,0.3197641105457113,0.31564092799951654,0.1093803935267774,0.035734964658745205,2.4542313708716734,200,0,5260.0,1.0,2.0,0.25,0.16258377136839708
A: lam_between=4.0,10900.929375946522,4806,0.7402957486136784,54.50464687973261,0.0,179.36517333984375,1687.0252405757376,0.7535763493585306,0.4070375507601562,2.0001361884935394,0.0,3.4110651031349053,0.3579035087608968,0.3471924289987988,0.010711079762098046,0.2991048191685331,0.16808288489531106,2.1323329064687715,1.9191123936054935,0.9000059923961968,0.3195082446706207,0.0,0.5092592592592593,0.006964481972673396,0.0069473463593608155,1.7135613312579486e-05,0.26119348497276856,0.14474355655776303,0.31422070214776093,0.3227489965394703,0.10570504664636,0.0,2.34204544128604,200,1,5260.0,1.0,4.0,0.25,0.09999400760380317
A: lam_between=8.0,10963.65332520008,4807,0.7404497843499692,54.8182666260004,0.0,163.23852437734604,1558.3004879174614,0.7201124250764096,0.394711942290104,2.038822265494088,0.0,3.327457848142405,0.34415533608188126,0.341001963646857,0.0031533724350242404,0.2877384408823605,0.1603155853693477,2.110550754103548,1.9948596434431285,0.9451843977523492,0.3223693395930898,0.0,0.5227272727272727,0.007574947344394582,0.007462603918386635,0.00011234342600794693,0.2699827891152112,0.14779002698188712,0.3088306111169807,0.33066726994941475,0.12469124929534889,0.0,2.422438279880736,200,1,5260.0,1.0,8.0,0.25,0.05481560224765081
A: lam_between=16.0,10883.057159900665,4852,0.747381392483056,54.41528579950332,4.425418972969055,159.91048049926758,1547.2136313808012,0.7228600559122781,0.39776245751028344,2.023612929202147,0.14084742708903988,3.268097526148746,0.3637672917800326,0.36169784067571403,0.002069451104318591,0.2980467413326095,0.16806731345732567,2.081720354325057,1.9879987009010094,0.9549787495571496,0.32328662624336957,0.052845528455284556,0.5601851851851852,0.007903049413749214,0.007833274697217488,6.97747165317266e-05,0.2749853832299463,0.1537155660935166,0.3126169046653824,0.32982613301697455,0.1149421462108691,0.21917285524008157,2.161802690667272,200,0,5260.0,1.0,16.0,0.25,0.045021250442850436
B: lam_util=0.05,10863.975872397423,4846,0.7464571780653112,54.31987936198711,0.0,165.6096472144127,1484.9117921257025,0.709400567085002,0.38955970823469926,2.036072887940219,0.0,3.312192944288254,0.3718676792987063,0.3709138405048197,0.0009538387938865583,0.299502806149556,0.16753050057047125,2.075522391045944,2.0118941602302587,0.9693435102939939,0.33589959634310373,0.0,0.6296296296296297,0.011555952162528782,0.010991699555827641,0.0005642526067011363,0.32003198536358524,0.17895156796722128,0.3055578318246825,0.3544961616931039,0.17047582419139168,0.0,2.790991284069404,200,2,5260.0,1.0,16.0,0.05,0.030656489706006096
B: lam_util=0.1,10986.665638804436,4797,0.738909426987061,54.93332819402218,0.0,169.01795828342438,1603.1171986211566,0.7288643768577047,0.39881590977278997,2.048944465289156,0.0,3.411609619685582,0.4024718628119255,0.40110695908191357,0.001364903730011917,0.3096261085508059,0.17137076104330895,2.0961350172150666,2.0200212237861783,0.9636885063205455,0.3237675852111079,0.0,0.5654761904761905,0.00951268486802022,0.009315418593242891,0.00019726627477732744,0.30124384958762507,0.16616331363326223,0.3058272535265351,0.33476327237262005,0.13390262742114614,0.0,2.4661402332846993,200,1,5260.0,1.0,16.0,0.1,0.03631149367945452
B: lam_util=0.5,10864.535951435566,4805,0.7401417128773875,54.32267975717783,7.03410804271698,162.7101736664772,1548.146044877974,0.7243104951285355,0.3939546938969412,2.0319177755298785,0.4281825602054596,3.3108455032110213,0.37540351738600974,0.3743498383049446,0.0010536790810652234,0.3015386867799265,0.17202430862363505,2.0733805372076604,2.006505115146722,0.967745707620559,0.31667425785034564,0.1,0.48333333333333334,0.006663806038931544,0.006663434194931072,3.7184400047223376e-07,0.25777952104974744,0.146654329473762,0.3174531627501093,0.31619686452468415,0.11133160810642183,0.4276804877102388,2.5620939387455306,200,0,5260.0,1.0,16.0,0.5,0.032254292379440996
B: lam_util=1.0,10636.137851834297,4761,0.7333641404805915,53.18068925917149,5.770846009254456,168.9787939786911,1540.992590596289,0.7381528713825152,0.3990610080049698,1.974164065931317,0.5616686268307817,3.46101590641384,0.3937738602432765,0.39190172282466623,0.0018721374186102206,0.3178631618003017,0.18053476669598684,2.0294319589505476,1.940290196016305,0.9560755104199998,0.3118508501581311,0.10526315789473684,0.4573643410852713,0.005262388709214864,0.0052397840203124045,2.2604688902459718e-05,0.2326186493804575,0.13155151551306007,0.31792385061301875,0.3081286885890064,0.09468971316653566,0.4650027166706931,2.6806163514850216,200,0,5260.0,1.0,16.0,1.0,0.04392448958000017
B: lam_util=2.0,10095.864292383194,4580,0.7054836722119532,50.47932146191597,5.671050071716309,166.80468606948853,1408.8234159108094,0.7435578657114739,0.4017409991539667,1.8660577536231593,0.6135812153418859,3.632769932547845,0.3750960874648153,0.3723113642901171,0.002784723174698211,0.32820575063557816,0.1867586174467955,1.9334632111624903,1.8247447312603435,0.9437700809229362,0.3021804984565627,0.10416666666666667,0.4523809523809524,0.004824286595668601,0.004656556946332205,0.00016772964933639637,0.22985296839285632,0.1295126319068692,0.318723296427485,0.29204136421631993,0.1282369266181258,0.44080718201702285,3.9818174940191753,200,0,5260.0,1.0,16.0,2.0,0.05622991907706376
C: lam_within=0.1,11211.392403304577,4650,0.7162661737523105,56.05696201652288,0.0,180.43988263607025,1668.2010837088205,0.7286091851533544,0.40550338491375115,2.1121943165299237,0.0,4.728636496945431,0.7883589358398057,0.7882390730911881,0.00011986274861751841,0.4203665279012872,0.23467284964346938,2.126178791393788,2.103623186774652,0.9893914826399194,0.31556940200319994,0.0,0.6127450980392157,0.011459857709216363,0.011174132497832563,0.00028572521138379634,0.33923036978856336,0.18641329695358688,0.2939781250695354,0.32880276528512337,0.1980785916473352,0.0,2.391996328903333,200,3,5260.0,0.1,16.0,0.05,0.010608517360080616
C: lam_within=0.25,11168.015808105469,4739,0.7299753542821935,55.84007904052734,0.0,185.30759918689728,1647.2953491496453,0.7268414929903771,0.4029627299056686,2.109358955389004,0.0,4.243285164237022,0.6935007414965406,0.6930528897782819,0.00044785171825864904,0.39479620902927004,0.22223065867993985,2.136390519070256,2.092791222810172,0.9795920755728413,0.32328689810947153,0.0,0.5925925925925926,0.010538178588785958,0.010256712733320177,0.00028146585546578025,0.31753724528444993,0.17491884064081917,0.30185715792950174,0.3364212549939691,0.18079398476681527,0.0,2.6315140198939817,200,1,5260.0,0.25,16.0,0.05,0.020407924427158664
C: lam_within=0.5,11184.210486710072,4803,0.7398336414048059,55.92105243355036,0.0,200.22608762979507,1640.9063029316696,0.7243801740520714,0.3943959238595131,2.109056251146535,0.0,4.004521752595902,0.49726615540862285,0.49710743149540354,0.000158723913219416,0.3343538187188086,0.18705049298772752,2.1251488144989885,2.0991930671563215,0.9877863859859686,0.3284514264322113,0.0,0.59375,0.010940631216078132,0.010483347005702704,0.0004572842103754271,0.31845644105685367,0.17791035693193744,0.3011366815018163,0.3451927217121308,0.17358112317535684,0.0,2.7681153548452597,200,2,5260.0,0.5,16.0,0.05,0.012213614014031426
C: lam_within=2.0,10577.83723884821,4920,0.7578558225508318,52.88918619424105,5.315282821655273,154.95193779468536,1440.3997548787652,0.7175871197968822,0.3918038587462577,1.9597548141582326,0.4281825602054596,2.9519161731004715,0.2627525730794412,0.25872784331633747,0.004024729763103765,0.2615602530575343,0.14745113923085712,2.0407897717402985,1.9100882272530957,0.9359554098628463,0.3380094556532842,0.0625,0.6666666666666666,0.011377484568685214,0.010970118313004032,0.00040736625568118384,0.31556895955479747,0.177460048758933,0.31222864483132357,0.3538105977699697,0.1557901302165428,0.30362128350311773,2.4632582401962804,200,0,5260.0,2.0,16.0,0.05,0.06404459013715369
"D: w=0.1,b=8.0,u=0.05",11177.131389856339,4715,0.7262784966112138,55.885656949281696,0.0,181.45504707098007,1789.840548553394,0.7570190541734135,0.4159469836551457,2.1059433052948595,0.0,4.716388019648465,0.854507874144544,0.8542151636234563,0.00029271052108770945,0.4389462663274068,0.24643364031251372,2.127796916526872,2.092549156475239,0.983434622083593,0.3195001161790558,0.0,0.6071428571428571,0.012470624227647702,0.012262135930469088,0.00020848829717861868,0.349520840519803,0.19408137204866455,0.30105655045956103,0.33080423710390755,0.1901463143980473,0.0,2.353434321094635,200,2,5260.0,0.1,8.0,0.05,0.016565377916406998
"D: w=0.1,b=8.0,u=0.1",11280.293264567852,4737,0.7296672828096118,56.40146632283926,0.0,196.70819491147995,1754.7065861782694,0.7426973224144875,0.41104070411385335,2.11906495451988,0.0,4.537320613861084,0.8882874342398702,0.8876413850027508,0.0006460492371193084,0.44476693180227245,0.24801359925904767,2.1515315578877603,2.0991660685847267,0.9756612962003481,0.3167325128826238,0.0,0.6274509803921569,0.010425731136428522,0.010348354966771115,7.73761696574044e-05,0.32237444991594755,0.17497052220384596,0.3054966181945703,0.3236190289817533,0.1833551585240152,0.0,3.1423483983537084,200,2,5260.0,0.1,8.0,0.1,0.024338703799651862
"D: w=0.1,b=32.0,u=0.05",11153.463205397129,4703,0.7244300677757239,55.76731602698565,-0.39622771739959717,178.5368967652321,1739.8148738721693,0.7479486393142416,0.4130899148149111,2.104927609129335,-0.049528464674949646,4.983012994130452,0.954494910829649,0.9543398953873852,0.00015501544226383658,0.46414069052420454,0.2529582088048691,2.1208310657383453,2.0951803292721993,0.9879053372611666,0.3174034061076859,0.0,0.6611111111111111,0.01274977453799291,0.01253262975162611,0.00021714478636680252,0.3557457083528956,0.1961058606077355,0.29858084353063785,0.3289398154291024,0.209586106909284,0.0,2.7128259804577546,200,3,5260.0,0.1,32.0,0.05,0.012094662738833417
"D: w=0.1,b=32.0,u=0.1",11216.65810084343,4735,0.7293592113370302,56.083290504217146,0.0,183.68726176023483,1797.5294090640282,0.755969920789059,0.41856007887926344,2.109685852557852,0.0,5.4136388798554735,0.9582193182065087,0.958035476393784,0.00018384181272477953,0.46399646363499386,0.25865316683004813,2.1270049873886627,2.0990708989518714,0.9868669379703306,0.3166350407611358,0.0,0.5370370370370371,0.009605796545446119,0.009530511428075211,7.528511737090814e-05,0.30953354178356957,0.17106024473041442,0.3055520081187344,0.32342786721938177,0.1837967529181056,0.0,3.410030205338117,200,2,5260.0,0.1,32.0,0.1,0.013133062029669351
